image,prompt,answer
5031 – Metok Crimson Wool & Silk.jpg,describe the colors and patterns,"The rug in the image is red with a predominantly white and gray color scheme. It features a floral pattern, with various flowers and plants depicted on the red background. The rug also includes some gray elements, adding contrast to the overall design. The pattern is intricate and visually appealing, making it an attractive decorative piece for the room."
6103-Over Dyed -10×13.5.jpg,describe the colors and patterns,"The purple carpet features a bold, dark purple color with some lighter shades, creating a striking contrast. The design on the carpet consists of intricate patterns and shapes, which contribute to its unique and eye-catching appearance. The patterns are likely to be the main focus of the carpet and can be seen in various parts of the rug, from the center to the edges."
10178 – BODHI EARTH.jpg,describe the colors and patterns,"The image features a white and greenish-brown colored fabric with a leafy pattern. The fabric appears to be made of yarn, as it has a slightly textured appearance. The pattern consists of multiple branches and leaves, creating a natural and organic look. The overall design gives the impression of a vine or tree, with the branches and leaves arranged in a visually appealing manner."
13550 – Serapi Modern.jpg,describe the colors and patterns,"The rug in the image features a mix of grey, red, and brown colors, creating a visually appealing pattern. It appears to be an oriental design, with intricate details and textures. The rug is placed on a wooden floor, adding a touch of elegance and warmth to the space."
Landmark.jpg,describe the colors and patterns,"The rug in the image is a large, grey and yellowish area rug with a patterned design. The pattern consists of various shapes and lines, creating a visually interesting and unique texture. The rug is placed on a white background, which helps to highlight the rug's colors and patterns, making it the focal point of the room."
12871 Kurdish Circa 1890.jpg,describe the colors and patterns,"The rug in the image is a large, colorful, and intricate piece with a diamond pattern. It features a variety of colors, including black, white, and brown, which create a visually striking contrast. The rug is quite large, covering a significant portion of the white wall it is placed on. The combination of the intricate diamond pattern and the diverse colors make the rug an eye-catching and attractive decorative item."
10222 – Modern Wool & Silk.jpg,describe the colors and patterns,"The image features a large, square rug with a unique, speckled or splattered pattern. The rug has a combination of blue, gray, and orange colors, creating a visually striking effect. The pattern consists of irregularly shaped dots, dabs, and splashes of color that cover the entire rug's surface. The overall appearance of the rug is quite different from a traditional, solid-colored one, making it an eye-catching piece for a room."
DMK Swiss.jpg,describe the colors and patterns,"The image features a large, patterned rug with a mix of gray and white colors. The rug has a unique, speckled appearance, resembling a tiled floor or a mosaic. The design consists of various shapes and forms, creating a visually interesting and intricate pattern. The overall effect is a striking and stylish decorative piece that can enhance the aesthetic of any space."
17777 VINTAGE  4.2 X 7.9.jpg,describe the colors and patterns,"The rug features a blue and gray color scheme, with the blue area being more prominent. The rug has a diamond pattern, which adds visual interest to the design. The diamond shape is evenly distributed throughout the rug, creating a balanced and aesthetically pleasing appearance."
13599 Kazak Caucasian Circa 1880.jpg,describe the colors and patterns,"The rug in the image is predominantly brown with some tan and black colors. It features a geometric pattern with a large central shape and smaller shapes surrounding it. The pattern is quite intricate and detailed, making the rug visually appealing. The rug is placed on a white background, which helps to highlight its colors and patterns."
12205 CINAR SILK 10 X 15.jpg,describe the colors and patterns,"The rug features a beautiful blue and tan color scheme, with a central design that resembles a flower. The blue section of the rug is quite large, covering a significant portion of the floor. The pattern on the rug consists of multiple flowers, adding an elegant and intricate touch to the design. The rug is placed on a wooden floor, enhancing the overall aesthetic of the room."
17776 VINTAGE  6.6 X 9.6.jpg,describe the colors and patterns,"The rug features a mix of grey and white colors, creating a visually appealing contrast. It also has a pattern that includes flowers, adding a touch of nature and elegance to the space. The flowers are strategically placed throughout the rug, making it a focal point when placed on the floor. The overall design of the rug brings a sense of warmth and sophistication to the room."
8617 – Minto Midnight.jpg,describe the colors and patterns,"The image features a large blue rug with a black and white checkered pattern. The checkered design consists of white squares interspersed with black dots, creating a visually striking and intricate pattern. The blue color adds a pop of brightness to the overall appearance of the rug, making it an eye-catching piece for any room."
6100 VINTAGE OUSAK 10.1 X 14.1.jpg,describe the colors and patterns,"The rug features a combination of gold and tan colors, creating a warm and inviting appearance. It also has a pattern of flowers on it, adding a touch of elegance and nature to the design. The flowers are scattered throughout the rug, making it a visually appealing and decorative piece for the room."
9172 Traditional Bidjar 8’10” x 11′.jpg,describe the colors and patterns,"The rug features a combination of red, blue, and black colors, creating a visually striking pattern. The pattern consists of a series of squares, triangles, and other geometric shapes, interspersed with smaller squares and rectangles. The overall design is intricate and well-crafted, showcasing the rug's artistic and cultural value."
Blossom.jpg,describe the colors and patterns,"The image features a large white and blue checkered pattern on a cream-colored background. The pattern consists of various blue flowers and leaves, giving the design a botanical feel. The flowers are scattered throughout the pattern, with some in the center, others towards the edges, and a few even overlapping with each other. The overall effect is a visually appealing and intricate design that showcases the beauty of the blue and white colors."
2273 – Floral Tibetan.jpg,describe the colors and patterns,"The rug in the image features a combination of tan and brown colors, creating a warm and earthy aesthetic. The rug also displays a flower pattern, adding a touch of nature and elegance to the space it is placed in. The intricate design and the choice of colors make the rug a visually appealing focal point in the room."
10832 – Modern.jpg,describe the colors and patterns,"The image features a blue and tan area rug with a unique, speckled pattern. The rug has a somewhat abstract design, with irregular shapes and irregular color distribution. It is placed on a white background, which helps to highlight the contrasting colors and textures of the rug."
17344 ANTIQUE MAMLUK 10′ X 13’9″.jpg,describe the colors and patterns,"The rug features a variety of colors and intricate patterns. It is predominantly gray and blue, with some brown elements, creating a visually appealing contrast. The rug showcases a central floral pattern, which is surrounded by smaller floral patterns, adding depth and complexity to the design. The combination of these colors and patterns make the rug an attractive and unique decorative piece."
Coco Vila.jpg,describe the colors and patterns,"The rug in the image is a large, square, and rectangular design featuring a mix of brown, red, and orange colors. The pattern consists of squares and rectangles, with some areas having a more dominant color, while others have a more subtle hue. The rug is predominantly brown, with red and orange accents adding visual interest to the design. The rug is displayed on a white background, making the colors and patterns stand out."
17104 VINTAGE USAK 9’10” X 13’7″.jpg,describe the colors and patterns,"The rug in the image features a combination of tan and grey colors, creating a visually appealing contrast. It also has a floral pattern, which adds a touch of elegance and nature to the space. The rug is placed on a wooden floor, enhancing the overall aesthetic of the room."
12205 CINAR SILK 10 X 14.jpg,describe the colors and patterns,"The rug features a combination of blue, red, and tan colors, creating a visually appealing pattern. The design consists of a large blue circle in the center, surrounded by smaller blue squares. The rug also includes red and tan squares scattered throughout the pattern, adding contrast and interest to the overall design. The intricate pattern and the variety of colors make the rug an eye-catching and unique piece."
6413 Traditional Oushak 10’2″ x 13’11”.jpg,describe the colors and patterns,"The rug features a combination of black, white, and red colors, creating a visually striking pattern. The pattern consists of a series of squares, rectangles, and flowers, which are intricately woven together to form the rug's design. The use of these contrasting colors and the detailed pattern make the rug an eye-catching piece that adds a touch of elegance to any space."
17792 VINTAGE  6.7 X 9.9.jpg,describe the colors and patterns,"The rug features a variety of colors and intricate patterns. It is predominantly gray and white, with some black elements adding contrast. The design consists of small squares or patches, which could be floral prints or other decorative elements. The overall appearance of the rug is visually appealing and may resemble a Persian carpet, given its elaborate pattern and color scheme."
Cherry Flower.jpg,describe the colors and patterns,"The rug features a floral pattern with red flowers, which is placed on a white background. The flowers are predominantly red, adding a pop of color to the scene. The rug is quite large, covering a significant portion of the white floor and extending from the left edge to the right edge of the image."
11750 Shirvan Circa 1890.jpg,describe the colors and patterns,"The rug features a variety of colors and intricate patterns. It has a mix of red, blue, and yellow colors, which create a visually appealing and vibrant design. The rug also showcases a geometrical pattern, with a series of squares and rectangles interwoven to form the overall design. The combination of these colors and patterns makes the rug an attractive and unique piece."
13596 Kurdish Circa 1890.jpg,describe the colors and patterns,"The rug features a variety of colors and intricate patterns, making it visually appealing. The primary colors in the rug are black, orange, and tan, which are combined with smaller shades of these colors to create a rich and diverse palette. The rug also showcases a diamond pattern, which adds to its aesthetic appeal. The overall design of the rug is quite elaborate, with a busy arrangement of shapes and lines that make it stand out as a piece of art."
Godiva.jpg,describe the colors and patterns,"The rug features a pattern of white squares, which are arranged to resemble a basketball court. The court is made up of a combination of blue and gray colors, giving it a unique and visually appealing appearance. The court is surrounded by a border of black squares, adding contrast to the overall design. This rug successfully combines the sport of basketball with a creative and artistic design element, making it a distinctive and interesting piece."
Kaveri.jpg,describe the colors and patterns,"The rug features a combination of blue and white colors, creating a visually striking contrast. It also has a pattern that includes swirls, which adds an artistic touch to the design. The rug is placed on a white background, making the swirls stand out and enhancing their overall appearance."
Fret -2.jpg,describe the colors and patterns,"The rug features a combination of gray and tan colors, creating a visually appealing contrast. It also has a decorative pattern with squares and rectangles, which adds an interesting design element to the rug. The squares and rectangles are arranged in a geometrical pattern, further enhancing the rug's aesthetic appeal."
9701 Ariana Mahal 2’7″ x 9’8″.jpg,describe the colors and patterns,"The runner is predominantly blue in color, with a white and red pattern running down its length. The combination of these colors and the intricate pattern make the runner visually striking and appealing."
Blooming Cherry.jpg,describe the colors and patterns,"The image features a large red carpet with a white background. The carpet is covered in a pattern of red flowers, giving it a vibrant and elegant appearance. The flowers are arranged in a way that they appear to be blooming, adding a sense of life and movement to the design. The combination of red and white creates a striking contrast, making the carpet stand out against the white background."
Halo Metok.jpg,describe the colors and patterns,"The image features a large, square area rug with a unique design. The rug has a combination of blue, gray, and white colors, creating a visually appealing contrast. The pattern on the rug consists of a central space that is covered in blue and white, with smaller circular shapes scattered throughout the design. These circular shapes add an interesting texture to the overall pattern, making the rug both visually striking and artistic."
10182 – Modern Sari Silk.jpg,describe the colors and patterns,"The rug features a vibrant and intricate design with a mix of colors. It is predominantly green and yellow, but also includes red and blue elements. The pattern consists of various shapes and figures, creating a visually engaging and unique artwork. The rug's design and colors make it an attractive and eye-catching decorative piece."
5023 – Loma Earth.jpg,describe the colors and patterns,"The image features a brown and white rug with a leafy pattern on it. The rug has a rectangular shape, and the leaves are arranged in a somewhat random manner, giving it a natural, organic appearance. The combination of brown and white colors creates a visually appealing contrast against the leafy design, making the rug an interesting decorative piece."
Art Deco – 9.jpg,describe the colors and patterns,"The image features a white and blue rug with a gray and blue geometric pattern. The rug has a combination of these three colors, creating a visually appealing and contrasting design. The pattern consists of various blue shapes and lines that form an intricate and unique design, adding an artistic touch to the room it is placed in."
17110 VINTAGE USAK 10′ X 13’1″.jpg,describe the colors and patterns,"The rug in the image features a combination of tan, gray, and white colors, creating a visually appealing contrast. It also has a floral pattern, which adds a touch of elegance to the space. The rug is placed on a white background, making it the focal point of the room."
6896 Tibetan Wool & Silk.jpg,describe the colors and patterns,"The rug features a combination of brown, gray, and white colors, creating a somewhat rustic appearance. It has a striped pattern, with the lines in the rug mimicking the appearance of tree trunks. The rug is placed on a white background, which helps to emphasize the colors and texture of the rug."
12365 – Amelia Crimson.jpg,describe the colors and patterns,"The image features a red and white patterned cloth with an orange background. The cloth has an antique or vintage appearance, giving it a unique and nostalgic touch. The pattern consists of a combination of white and orange colors, which create a striking contrast against the red background. This design choice makes the cloth stand out and adds visual interest to the space it is placed in."
16438  3.5 X 10.5.jpg,describe the colors and patterns,"The rug features a variety of colors and intricate patterns, creating a visually appealing design. It has a predominantly gray and blue color scheme, with accents of red and orange. The pattern consists of multiple geometrical shapes, such as squares and diamonds, interwoven to form the rug's design. The combination of these colors and patterns make the rug an attractive and unique decorative piece."
8761 – Sanam Wool & Silk.jpg,describe the colors and patterns,"The rug features a variety of colors and patterns, including white, gray, and black circles. The circles are randomly placed throughout the rug, creating a visually interesting and unique design. The rug has a predominantly white color scheme, with the black circles adding contrast and making the pattern stand out. The overall design is eye-catching and can add a stylish touch to any room."
12205 Cinar Silk 1001 Nights 2’7″ x 4’1″.jpg,describe the colors and patterns,"The rug features a variety of colors and intricate patterns, making it visually appealing. It is predominantly white with some black elements, and it has a multicolored design that includes shades of red, green, and blue. The rug is adorned with arches and has a square design, adding to its unique and artistic appearance. The combination of these elements creates a visually striking and attractive rug that would make a great decorative piece."
Bonse.jpg,describe the colors and patterns,"The rug features a combination of blue and gray colors, creating a modern and unique design. It has a diamond pattern, which adds visual interest to the rug. The rug is placed on a white background, making the blue and gray colors stand out even more."
16429  3 X 13.10.jpg,describe the colors and patterns,"The rug features a variety of colors and intricate patterns, creating a visually appealing design. It has a predominantly gray color scheme, but it also includes accents of red and blue. The pattern consists of multiple small buildings, which are connected by bridges, forming a unique and decorative arrangement. The buildings are connected by arches, adding to the overall aesthetic of the rug."
9770 Traditional Mamlouk 10’1″ x 12’10”.jpg,describe the colors and patterns,"The rug features a variety of colors and intricate patterns. It is predominantly red, with some blue elements, and has a predominantly yellowish hue. The design on the rug consists of a large, central flower surrounded by smaller flowers, creating a visually appealing and intricate pattern. The rug's vibrant colors and artistic design make it an attractive and unique decorative piece."
16424  3.7 X 9.6.jpg,describe the colors and patterns,"The rug in the image is a long, narrow, and grayish-brown color with a patterned design. It features a central motif, which is repeated along the length of the rug. The motif is likely to be a geometric pattern or a series of shapes, creating a visually appealing and intricate design. The rug's color and pattern make it an attractive and unique decorative piece."
16437  3.7 X 13.6.jpg,describe the colors and patterns,"The rug features a combination of blue and tan colors, creating a visually appealing contrast. It also has a decorative design with a floral pattern, which adds to its aesthetic appeal. The rug is long and extends across the entire frame of the image, showcasing its size and intricate design."
8648 – Pak Modern.jpg,describe the colors and patterns,"The rug in the image features a combination of blue and tan colors, creating a visually appealing contrast. The rug also has a pattern consisting of blue flowers, which adds a touch of nature and elegance to the design. The overall pattern is quite intricate, showcasing the artistic skill of the rug-maker."
Drift.jpg,describe the colors and patterns,"The image features a white and gray checkered pattern on a rug. The rug has a wooden flooring design, giving it a warm and natural appearance. The wooden flooring extends across the entire width of the rug, creating a visually appealing contrast between the white and gray colors and the wooden texture."
17787 VINTAGE  8.3 X 12.8.jpg,describe the colors and patterns,"The rug features a combination of blue and pink colors, creating a visually striking contrast. It also has a patterned design, which adds to its aesthetic appeal. The rug is described as large and possibly hand-woven, indicating that it is a unique and possibly artisanal piece."
9701 Ariana Agra 2’8″ x 10’2″.jpg,describe the colors and patterns,"The runner is predominantly red, with a blue and grey border, giving it a striking appearance. The design features a floral pattern, with various flowers and leaves throughout the runner, making it visually appealing. The combination of the deep red color and the intricate floral pattern make the runner a unique and eye-catching piece."
16430 VINTAGE  2.5 X 9.4.jpg,describe the colors and patterns,"The rug features a mix of gray and white colors, creating a somewhat monochromatic appearance. It also has a patterned design, which adds visual interest to the otherwise simple rug. The pattern consists of various shapes and forms, making it an eye-catching piece for the room it is placed in."
10120 Modern W&S 9’8″ x 14′.jpg,describe the colors and patterns,"The image features a red and grey area rug with a unique, abstract design. The rug has a mix of both warm and cool colors, creating a visually interesting pattern. The red section of the rug stands out, contrasting with the grey background, while the grey areas provide balance to the overall design. This rug adds a touch of vibrancy and artistic flair to the space it is placed in."
Atlanta – IV.jpg,describe the colors and patterns,"The rug features a white background with a black and white geometric pattern. The pattern consists of parallel lines in various colors, creating a visually striking and intricate design. The rug's contrasting colors and repetitive lines make it an eye-catching decorative piece for any room."
Cosmos Joshi.jpg,describe the colors and patterns,"The rug features a mix of colors and patterns, creating an abstract and visually interesting design. It has a square shape, which is typical for such rugs. The rug's surface appears to be either white or grey, providing a contrasting background for the various elements of the design. The rug's pattern consists of different shapes, possibly resembling the appearance of a tiled floor or a mosaic, adding to its unique and artistic nature."
ABS – 2.jpg,describe the colors and patterns,"The rug features a combination of blue, gray, and white colors, creating a somewhat abstract pattern. The blue section of the rug is more prominent, while the other areas have a lighter blue tint. This design gives the rug a unique, modern appearance. The rug is placed on a white background, which helps to highlight its colors and patterns."
12355 – Modern Wool & Silk.jpg,describe the colors and patterns,"The image features a large, square rug with a combination of black, white, and gray colors. The rug has a textured appearance, giving it a somewhat abstract look. The black and white areas stand out against the gray background, creating a visually striking pattern. The rug's design is reminiscent of graffiti art, adding an urban and artistic touch to the space it is placed in."
12205 CINAR SILK 12 X 18’7″.jpg,describe the colors and patterns,"The rug features a combination of red, white, and blue colors, creating a visually striking pattern. The pattern consists of a large flowery design that covers the entire rug, making it an eye-catching piece for any room. The rug's size is quite impressive, as it covers a significant portion of the floor, adding a decorative and vibrant touch to the space."
Cosmos.jpg,describe the colors and patterns,"The rug in the image is a large, square, and multicolored one. It features a mix of blue, red, and yellow colors, creating a vibrant and eye-catching pattern. The rug has a somewhat abstract appearance, which adds visual interest to the space it is placed in. The area appears to be a living room or a bedroom, as the rug is prominently displayed on a white floor."
16404  2.10 X 10.10.jpg,describe the colors and patterns,"The rug features a combination of white and blue colors, creating a visually appealing contrast. It also has a decorative pattern consisting of a series of squares or small diamonds, which adds to its aesthetic value. The rug is quite long, stretching from the left edge of the image to the right, covering a significant portion of the wall."
10117 Traditional Bokhara 6’9″ x 9’7″.jpg,describe the colors and patterns,"The rug in the image is predominantly red with a few black elements. The design features a mix of solid colors and intricate patterns, giving the rug a unique and visually appealing appearance. The patterns are scattered throughout the rug, creating a visually interesting and captivating design that would make it stand out as a piece of home decor."
10046 Traditional Kazak 9′ x 12′.jpg,describe the colors and patterns,"The rug features a combination of blue and red colors, creating a striking contrast. The pattern on the rug consists of a mix of geometric shapes, including diamonds, which adds visual interest to the design. The rug is quite large, spanning the entirety of the image and occupying most of the space from the left to the right edge."
10199 – Harvest.jpg,describe the colors and patterns,"The beige placemat features a beautiful pattern of flowers on it. The flowers are designed to look like leaves, adding a touch of nature to the placemat's appearance. The overall design creates a visually appealing and elegant look, making it an attractive addition to any table setting."
17799 VINTAGE  6.9 X 9.3.jpg,describe the colors and patterns,"The image features a grey and red textured surface, which appears to be a piece of paper or a towel. The surface has a slightly worn and frayed appearance, suggesting that it has been used or neglected over time. The red color stands out against the grey background, creating a visually striking contrast. The pattern on the surface is irregular and irregular, adding an element of complexity to the overall appearance."
ABS-4.jpg,describe the colors and patterns,"The rug features a combination of blue and gray colors, creating a visually striking contrast. The rug also has a pattern that resembles a geometrical design, adding an interesting texture to its appearance. The geometrical pattern is further accentuated by the white background of the scene, making the rug stand out even more."
Century Crimson.jpg,describe the colors and patterns,"The rug features a combination of red and white colors, with a predominantly red pattern. The design consists of a series of vertical lines that create a flowing, abstract appearance. The rug is placed on a white background, which helps to highlight the contrasting colors and intricate lines of the design."
10211 Traditional Sultan Abbad 8’9″ x 12’2″.jpg,describe the colors and patterns,"The rug in the image features a mix of black and tan colors, along with intricate floral patterns. The design consists of various flowers and leaves, creating a visually appealing and artistic pattern. The rug is quite large, spanning the entire frame of the image, and it adds a touch of elegance and sophistication to the space where it is displayed."
8615 – Modern Wool & Silk.jpg,describe the colors and patterns,"The rug in the image is predominantly white with some tan and beige colors, creating a soft and warm appearance. It features a diamond pattern, which adds a touch of elegance and visual interest to the rug. The diamond pattern consists of a series of interconnected equilateral triangles, creating a unique and eye-catching design that complements the overall aesthetic of the room."
10174 Traditional Keshan 6’1″ x 9’1″.jpg,describe the colors and patterns,"The rug in the image features a variety of colors and intricate patterns. It is predominantly white with some variations of blue and orange, creating a visually appealing contrast. The rug showcases a floral pattern, which adds to its aesthetic appeal. The size of the rug is quite large, covering a significant portion of the white background in the picture. This large, colorful, and ornate rug serves as a beautiful decorative piece for the space it occupies."
Coco – Gold.jpg,describe the colors and patterns,"The rug in the image is a large, grey and tan area rug with a striped pattern. The stripes are yellow, adding a pop of color to the overall design. The rug covers a significant portion of a white background, creating a visually striking contrast between the grey and tan colors and the white background. The combination of these colors and patterns makes the rug an eye-catching decorative piece for the room."
10003 Traditional Antique Kirman 10′ x 14’4″.jpg,describe the colors and patterns,"The rug features a combination of blue, red, and orange colors, creating a vibrant and eye-catching pattern. The design consists of a large, ornate paisley pattern that covers the entire surface of the rug. The intricate pattern and the use of multiple colors make the rug stand out as a unique and beautiful piece."
17628 VINTAGE  7.3 X 10.7.jpg,describe the colors and patterns,"The rug features a mix of tan and gray colors, creating a visually appealing contrast. It also has a decorative pattern with flowers, adding an elegant touch to the space where it is displayed. The flowers are intricately designed, showcasing the craftsmanship that went into creating this beautiful and unique rug."
Butterfly.jpg,describe the colors and patterns,"The image features a gray and yellow butterfly rug with a bold, colorful design. The rug has a detailed pattern of a butterfly with its wings open, showcasing vibrant shades of orange, yellow, and red. The butterfly is surrounded by smaller butterflies, creating a visually striking and artistic arrangement. The rug's unique design and rich colors make it an eye-catching decorative piece for any room."
10207 Modern Silk 10′ x 14′.jpg,describe the colors and patterns,"The image features a large, textured, and somewhat dirty-looking carpet with a mix of colors and patterns. The carpet has a brown and grey color scheme, with some splashes of red and orange. The patterns on the carpet are quite intricate and visually engaging, adding to the overall aesthetic of the space. The carpet is placed on a white background, which further highlights its colors and patterns."
Aura Blue.jpg,describe the colors and patterns,"The rug features a combination of blue and white colors, with the blue being more dominant in the middle and gradually becoming less prominent as it moves towards the white. The rug also has a flower pattern, which adds a touch of nature and visual interest to the design. The flowers are not only on the rug itself but also extend to the edges, creating a harmonious and eye-catching appearance."
Classic – 50.jpg,describe the colors and patterns,"The rug in the image is predominantly white with some grayish tones, featuring a geometric pattern. The pattern consists of squares and rectangles, which are arranged in a visually appealing manner. The overall design creates a sense of symmetry and balance, making the rug an attractive decorative piece for the floor."
17113 VINTAGE USAK 9’10” X 13’4″.jpg,describe the colors and patterns,"The rug in the image features a combination of tan, blue, and white colors, creating a visually appealing pattern. The pattern consists of a mix of squares and diamonds, which are interspersed throughout the rug. The overall design is intricate and well-executed, making the rug an attractive decorative piece."
6030 Tibetan Shomic.jpg,describe the colors and patterns,"The image features a tan-colored rug with a black and white pattern. The rug has a grid-like design, with small vertical and horizontal lines intersecting at various points. These intersecting lines create a visually striking pattern that covers the entire rug. The combination of the tan color and the contrasting black and white lines gives the rug an elegant and sophisticated appearance."
Ama Lena.jpg,describe the colors and patterns,"The rug features a variety of colors and patterns, creating an interesting visual effect. It is a large, square-shaped rug with a mix of grey, white, and blue colors. The blue color is particularly prominent, covering a significant portion of the rug. The pattern consists of small, irregularly shaped blocks of color, which could be stripes or dots, scattered throughout the rug. The overall appearance of the rug is visually engaging, with its vibrant colors and unique pattern making it a striking decorative piece."
6027 Tibetan Marbel.jpg,describe the colors and patterns,"The image features a brown and white rug with a large brown circle in the center. The rug has a pattern that consists of multiple brown lines, creating a visually striking and unique design. The lines are not only on the rug but also on the wall behind it, giving the impression that the pattern extends into the surrounding space. The combination of the brown circle and the lines on the rug and wall creates a striking contrast and draws attention to the central element in the scene."
100 Days Of Summer.jpg,describe the colors and patterns,"The rug in the image is a large, square, and features a mix of colors and patterns. It has a somewhat textured appearance, giving it a unique look. The rug has a combination of brown, gray, and white colors, along with some darker shades, creating a visually interesting design. The pattern on the rug consists of a mix of drips and splatters, giving it a somewhat abstract and dynamic appearance. This rug is likely to add a distinctive touch to the room where it is placed."
10130 Modern W&S 9’8″ x 13’11”.jpg,describe the colors and patterns,"The image features a red and brownish-red area on a white background. This red color is quite prominent and sets the tone for the scene. The red and brownish-red area is surrounded by a few other colors, including some blue and black elements. The blue and black contrast with the red and brownish-red color, creating a visually striking scene. The pattern consists of a mix of red, brownish-red, blue, and black elements, which gives the image a unique and intriguing appearance."
17782 VINTAGE  8.1 X 11.3.jpg,describe the colors and patterns,"The rug features a combination of white and pink colors, creating a visually striking contrast. It also has a geometric pattern consisting of a diamond shape, which adds to its aesthetic appeal. The rug is quite large, spanning the entirety of the image and showcasing the intricate design and vibrant colors."
10103 Modern Tibetan Wool & Silk 10′ x 14’2″.jpg,describe the colors and patterns,"The image features a large, beige rug with a black and white pattern. The rug has a textured appearance, and it appears to be made of wool. The black and white design consists of a combination of vertical and horizontal lines, creating a visually striking contrast. The overall color scheme gives the rug a modern and sophisticated look, making it an attractive addition to a room."
12881 Kazak Caucasian Circa 1870.jpg,describe the colors and patterns,"The rug in the image is a large, colorful, and intricate piece with a mix of orange, white, and black colors. It features a geometric pattern with various shapes and designs, making it visually appealing. The rug is quite large, covering a significant portion of the white background."
9517 – Modern Wool & Silk.jpg,describe the colors and patterns,"The image features a square rug with a combination of gray, black, and white colors, creating a somewhat abstract pattern. The rug has a somewhat messy appearance, which adds to its unique and contemporary look. The overall effect is a visually interesting and unconventional design that stands out in a room."
8111 Traditional Batiari 10’3″ x 13’9″.jpg,describe the colors and patterns,"The rug features a beautiful combination of red, blue, and white colors, creating a visually striking and intricate pattern. The pattern consists of various shapes and designs, which make the rug stand out as an attractive piece of home decor. The rug is also quite large, spanning the entire frame of the image and covering a significant portion of the floor."
Domain – Tibetan Rug From Nepal – 10181.jpg,describe the colors and patterns,"The rug in the image is predominantly tan with some white and beige elements. It features a pattern of small squares in various colors, creating a visually interesting and unique design. The squares are scattered throughout the rug, with some overlapping each other, giving the rug a slightly disorganized appearance. The overall design is eye-catching and serves as a decorative piece for the room."
Cyrus Earth.jpg,describe the colors and patterns,"The rug in the image is beige with a pattern that features a combination of white and brown colors. The pattern consists of a series of squares or rectangles, which create a visually appealing and intricate design. The arrangement of these squares or rectangles gives the rug a unique and artistic appearance, making it an attractive addition to a room."
5992 Traditional Persian Tebriz 9’10” x 13’5″.jpg,describe the colors and patterns,"The rug in the image is predominantly blue with some red and yellow accents. It features a geometric pattern with a blue background, which is adorned with orange and yellow flowers. The flowers are scattered throughout the rug, creating a visually appealing and intricate design. The rug's size is quite large, spanning the entire frame of the image, showcasing its beauty and craftsmanship."
7023-INDO TIBETAN-8X10-INDIA.jpg,describe the colors and patterns,"The image features a large, square, beige and black rug with a gold and black striped pattern. The rug has a unique design, with small squares of gold and black arranged in a repetitive manner, creating a visually striking and intricate pattern. The combination of colors and the arrangement of the squares make the rug an eye-catching piece that can add a touch of elegance and sophistication to any space."
6035 Tibetan Andleos Gray.jpg,describe the colors and patterns,"The rug in the image features a combination of tan and brown colors, creating a visually appealing contrast. It also has a pattern that includes squares and rectangles, which adds an interesting design element to the rug. The squares and rectangles are arranged in a somewhat random manner, giving the rug a unique and abstract appearance."
20283 – Bodhi Crimson.jpg,describe the colors and patterns,"The image features a red and yellow carpet with a leafy, plant-like pattern on it. The carpet has a predominantly red color, with splashes of yellow throughout, giving it a vibrant appearance. The pattern consists of numerous branches and leaves, which are the main design element of the carpet. This unique and artistic design choice makes the carpet stand out and adds a touch of nature to the room it is placed in."
17774 VINTAGE  7.1 X 9.7.jpg,describe the colors and patterns,"The rug features a mix of gray and pink colors, creating a visually appealing contrast. It also has a patterned design, which adds interest and complexity to the overall appearance. The pattern consists of various shapes and figures, making the rug an eye-catching decorative piece for the room."
17790 VINTAGE  7.2 X 10.jpg,describe the colors and patterns,"The rug features a grey color scheme with some pink accents, giving it a unique and eye-catching appearance. It has a pattern of pink dots, which adds a touch of vibrancy to the overall design. The rug is quite large, covering a significant portion of the floor and making a bold statement in the room."
Amelie Earth.jpg,describe the colors and patterns,"The image features a large, square piece of cloth with a combination of colors and patterns. The cloth has a mottled appearance, with various shades of brown, gray, and white interwoven. The patterns on the cloth are quite intricate, adding visual interest to the overall design. The exact colors and patterns may vary depending on the specific context or description being referred to, but the mottled appearance and intricate patterns are consistent across different interpretations."
8796 – Modern Wool & Silk.jpg,describe the colors and patterns,"The image features a large, cream-colored, textured rug with a pattern of white and gray strokes. The rug has a slightly muddy appearance, giving it a unique and interesting look. It is placed on a white background, making the pattern stand out even more. The rug covers a significant portion of the white wall, adding a decorative touch to the space."
16408 VINTAGE  3 X 12.6.jpg,describe the colors and patterns,"The rug features a combination of blue and tan colors, creating a visually appealing contrast. It also has a pattern that includes squares, which adds to its aesthetic appeal. The squares are evenly distributed across the rug, creating a well-organized and balanced design. The overall appearance of the rug is quite attractive and would make a nice addition to a room."
8623 – Grass.jpg,describe the colors and patterns,"The rug in the image features a combination of tan, gray, and brown colors, creating a visually appealing striped pattern. The rug has a rectangular shape, with a white and gray background. The pattern consists of parallel lines of varying width, creating a sense of depth and dimension. The rug's design is both modern and eye-catching, making it an attractive addition to a room."
Kulu.jpg,describe the colors and patterns,"The image features a white and gray rug with a black and gray design. The rug has a circular pattern with dark gray centers, surrounded by lighter gray areas. The contrasting colors create a visually striking and unique design that stands out in the room."
8610 – Modern Woo & Silk.jpg,describe the colors and patterns,"The image features a tan and white floral pattern on a piece of cloth. The pattern consists of various flowers and leaves, creating a visually appealing design. The cloth is quite large, covering a significant portion of the image and extending from the left to the right side."
Dream 2.jpg,describe the colors and patterns,"The rug features a combination of gray and blue squares, creating a visually striking pattern. The squares are evenly spaced and form a grid-like design that extends across the entire rug. The rug itself appears to be a neutral color, with the contrasting blue squares adding a pop of color and making it stand out."
Karma Fire.jpg,describe the colors and patterns,"The image features a red and gray textured surface, which gives it a rustic appearance. The red color is dominant, with splashes of gray adding contrast to the overall look. This patterned surface could be compared to the texture of a sandy beach or the appearance of a brick wall. The close-up view of the image emphasizes the intricate details of the red and gray combination, creating a visually engaging scene."
8641 – Naravan.jpg,describe the colors and patterns,"The image features a patterned rug with a combination of gray, yellow, and brown colors. The rug has a tree-like design, with the trees being made up of long, skinny lines. The lines are connected at the end, creating the appearance of branches. The rug has a somewhat abstract appearance, with the lines intersecting at various points, giving it a unique and artistic look."
10831 – Gabbeh.jpg,describe the colors and patterns,"The image features a large, colorful, and intricate quilt with various shades of blue, green, red, and yellow. The quilt is placed on a red frame, making it the focal point of the picture. The patterns on the quilt are quite complex, with overlapping blocks of different colors, creating a visually striking and unique design. The entire scene, including the frame, covers almost the entire frame, emphasizing the size and vibrancy of the quilt."
Anillic.jpg,describe the colors and patterns,"The rug features a combination of white and gray colors, creating a somewhat abstract pattern. The pattern consists of small, irregularly shaped drips of white and gray, which give the rug a unique, textured appearance. The overall effect is a visually interesting and somewhat chaotic design that adds character to the room."
12205.jpg,describe the colors and patterns,"The rug in the image is a large, colorful, and intricate piece with a mix of red, blue, and black colors. It features a blue border that surrounds the entire rug, giving it a distinct and elegant appearance. The rug is adorned with a pattern of white flowers, adding to its beauty and making it a striking piece for any room. The combination of colors and patterns creates a visually appealing and unique decorative item."
14579 Kuba Caucasian Circa 1890.jpg,describe the colors and patterns,"The rug features a variety of colors and intricate patterns. It is predominantly white with some brown elements, creating a contrast. The design consists of multiple small flowers, which are the most prominent pattern elements. The arrangement of these flowers adds visual interest and highlights the rug's artistic appeal."
10138 – Modern Wool & Silk.jpg,describe the colors and patterns,"The image features a tan and brown color scheme with a patterned design. The rug has a textured appearance, which adds visual interest to the scene. The pattern consists of various shapes and lines that create a unique and artistic look, contrasting with the more traditional color palette of the rug."
ABS – 10.jpg,describe the colors and patterns,"The rug features a mix of white and grey colors, creating a somewhat abstract pattern. The white area stands out against the overall design, giving the rug a unique appearance. The rug is placed on a clean white background, which helps to emphasize the colors and patterns of the rug."
17767 FINE VINTAGE TEBRIZ 10’2″ X 13’8″.jpg,describe the colors and patterns,"The rug features a combination of yellow and blue colors, creating a visually appealing contrast. It also has a decorative pattern consisting of multiple geometrical shapes, which adds to its aesthetic value. The rug is quite large, spanning the entirety of the image and extending from the left to the right edge."
Cali Wave.jpg,describe the colors and patterns,"The image features a large, white, and gray quilt with a pattern of wavy lines. The lines are formed by a combination of white and gray colors, creating a visually striking and unique design. The overall appearance of the quilt is quite simple, yet the wavy lines add a dynamic and interesting texture to its surface."
17779 VINTAGE  6.7 X 9.11.jpg,describe the colors and patterns,"The rug features a combination of grey, black, and white colors, creating a striking contrast. It also has a decorative pattern consisting of a large flowery motif, which adds visual interest to the rug. The intricate design and the contrasting colors make the rug stand out as a piece of art in the room."
ABS – 8.jpg,describe the colors and patterns,"The rug features a combination of white and gray colors, creating a somewhat abstract and modern appearance. The pattern on the rug consists of a series of random splashes of color, which gives it a unique and artistic feel. The rug is placed on a white background, making the splashes of color stand out even more and adding contrast to the scene."
16425 VINTAGE  11 X 18.6.jpg,describe the colors and patterns,"The rug features a combination of gray, blue, and white colors, creating a visually appealing and contrasting pattern. The pattern consists of a series of diamonds, which are evenly spaced and form a repetitive design across the length of the rug. This geometric pattern adds a modern and stylish touch to the runner, making it an attractive decorative piece for the floor."
12205 Cinar Silk 1001 Nights 6′ x 9’2″.jpg,describe the colors and patterns,"The rug in the image features a variety of colors and intricate patterns. It is predominantly gray and white, with some brown elements, and it showcases a floral design. The floral pattern is quite detailed and covers a large portion of the rug's surface. The combination of these colors and patterns gives the rug a unique and visually appealing appearance."
A & M Rust 8X10.jpg,describe the colors and patterns,"The image features a patterned rug with a combination of gray, white, and orange colors. The rug has a striped pattern, with alternating vertical and horizontal lines. The overall design gives it a modern and unique appearance. The rug is placed on a white background, making the pattern stand out even more."
17797 VINTAGE  6.9 X 10.9.jpg,describe the colors and patterns,"The rug in the image is predominantly white with some gray accents. It features a blue border and is adorned with a large blue flower pattern. The flower is the main design element of the rug, and it is quite intricate, adding visual interest to the piece. The combination of the white and blue colors, along with the flower pattern, creates a unique and eye-catching design that makes the rug stand out."
12352 – Abs – 4.jpg,describe the colors and patterns,"The image features a wall with a unique, textured, and somewhat abstract design. The wall has a combination of grey, yellow, and blue colors, creating a visually striking appearance. The pattern on the wall is composed of various splashes and drips of paint, giving it a dynamic and energetic feel. The wall stands out in the scene, drawing attention to its intriguing design and color scheme."
10204 – Damask.jpg,describe the colors and patterns,"The rug features a black and white pattern with a predominantly white color scheme. The design consists of a series of black circles, which are surrounded by white squares, creating a visually striking contrast. The pattern is repetitive and covers the entire rug, resulting in a cohesive and well-defined design. The rug's size is relatively small, measuring around 3 feet by 2 feet, which adds to its compact and stylish appearance."
17796 VINTAGE  6.11 X 9.8.jpg,describe the colors and patterns,"The rug in the image is a large, antique piece with a mix of colors and intricate patterns. It features shades of gray, red, and blue, creating a visually appealing contrast. The rug has a central floral pattern, which is surrounded by smaller floral patterns, adding depth and complexity to its design. The overall pattern is quite elaborate, showcasing the rug's historical and artistic value."
16479 VINTAGE  6.7 X 9.9.jpg,describe the colors and patterns,"The rug in the image is predominantly white with some gray tones, creating a clean and elegant appearance. It features a flower pattern, which adds a touch of nature and color to the overall design. The rug is folded up, which suggests that it is being displayed or showcased in a particular way."
14556 Baluch Circa 1890.jpg,describe the colors and patterns,"The rug features a combination of brown and black colors, creating a visually striking contrast. It also showcases a beautiful floral pattern, which adds to its aesthetic appeal. The rug is quite large, covering a significant portion of the image and serving as the centerpiece of the room."
2238 Traditional Keshan 9’10” x 12’8″.jpg,describe the colors and patterns,"The rug in the image is predominantly red with some black elements. It features a large, colorful floral pattern that adds a vibrant touch to the overall design. The pattern is quite intricate and detailed, showcasing the craftsmanship that went into creating this beautiful piece of home decor."
17111 VINTAGE USAK 10′ X 13’11”.jpg,describe the colors and patterns,"The rug features a variety of colors and patterns, creating an intricate and visually appealing design. The main color of the rug is tan, which contrasts with the more vibrant and detailed patterns present. The patterns on the rug are likely inspired by traditional or Middle Eastern designs, adding to its cultural and aesthetic value. The rug's size is quite large, covering a significant portion of the floor and making a bold statement in the room."
8601 – Modern Wool & Silk.jpg,describe the colors and patterns,"The image features a large, square piece of cloth with a combination of blue and white colors, creating a visually appealing contrast. The pattern on the cloth consists of multiple branches and leaves, giving it a flowery appearance. The overall design is quite intricate and detailed, making it an attractive choice for various applications, such as home decor or clothing."
9701 Antique Hamadan 3’4″ x 15’3″.jpg,describe the colors and patterns,"The runner is primarily black with a few orange accents, giving it a modern and unique appearance. The design on the runner consists of a mix of black, orange, and brown colors, creating a visually striking pattern. The pattern is likely inspired by traditional designs found in Middle Eastern or South Asian cultures, adding to the runner's aesthetic appeal."
Circles – Blue.jpg,describe the colors and patterns,"The rug features a combination of blue and white colors, creating a visually striking contrast. The rug also has a pattern of white and blue circles, which are evenly spaced and form a continuous design across the entire rug. This pattern adds a sense of cohesion and balance to the overall appearance of the rug."
16412  3.8 X 10.8.jpg,describe the colors and patterns,"The rug features a combination of blue and gray colors, creating a visually striking contrast. The rug also has intricate patterns, which add to its aesthetic appeal. The patterns are likely inspired by Middle Eastern or oriental designs, giving the rug a unique and culturally rich appearance."
ABS – 14.jpg,describe the colors and patterns,"The rug features a combination of red, gray, and orange colors, creating a visually striking contrast. It also has a pattern resembling splattered paint on an old wall, which adds to its artistic and unique appearance. The rug is placed on a clean white background, making the colors and design stand out even more."
EQ – 90.jpg,describe the colors and patterns,"The rug features a combination of blue and white stripes, creating a visually striking contrast. The blue sections are more prominent, covering a larger portion of the rug, while the white stripes provide a complementary background. This design choice adds a modern and unique touch to the room it is placed in."
17469 VINTAGE MAMLUK 9’8″ X 12’11”.jpg,describe the colors and patterns,"The rug features a combination of blue and brown colors, creating a visually appealing contrast. It also has a geometric pattern, which adds to its aesthetic value. The rug is placed on a wooden floor, enhancing the overall appearance of the room."
9701 Ariana Floral 2’10” x 9’6″.jpg,describe the colors and patterns,"The runner is predominantly white with a few red and blue accents throughout its design. The pattern consists of various flowers, which add a touch of color and visual interest to the rug. The flowers are scattered across the runner, creating a dynamic and eye-catching pattern that makes the rug stand out."
2286 – Arts And Crafts Tibetan.jpg,describe the colors and patterns,"The rug in the image is large and features a mix of tan and black colors, along with intricate patterns. The patterns are designed to resemble flowers, adding a touch of elegance to the rug. The overall design is quite elaborate, showcasing the craftsmanship that went into creating this beautiful piece of home decor."
17630 VINTAGE  4.5 X 6.3.jpg,describe the colors and patterns,"The rug features a combination of gray and blue colors, creating a visually striking contrast. It also has a diamond pattern, which adds to its aesthetic appeal. The diamond shape is evenly distributed throughout the rug, creating a sense of balance and harmony in its design."
A & M Earth.jpg,describe the colors and patterns,"The image features a rug with a combination of tan and gray colors, creating a striped pattern. The rug has a slightly blurred appearance, giving it a textured look. The pattern consists of vertical and horizontal lines that intersect and create a visually interesting design. The rug is placed on a white background, which helps to highlight its colors and patterns."
12205 – 3′ x 5’2″.jpg,describe the colors and patterns,"The blue and white rug features a large blue center area surrounded by smaller blue sections. The rug also has a gold-toned design, adding contrast to the overall pattern. The gold-toned elements are likely to be found in the intricate details and shapes within the rug, making it an eye-catching and unique piece."
14580 Kazak Caucasian Circa 1880.jpg,describe the colors and patterns,"The rug in the image is a large, colorful, and intricate piece with a mix of red, blue, and yellow colors. It features a diamond pattern, which adds to its visual appeal. The rug is quite long, extending from the left edge of the image to the right, and it covers the entire floor. The combination of colors and patterns makes it an attractive and unique decorative item."
12205 – 3’2″ x 4’11”.jpg,describe the colors and patterns,"The rug in the image is a large, blue and white rectangular rug with a floral pattern. The blue color is dominant, and it contrasts with the white areas, creating a visually appealing design. The rug features several flowers in various sizes and positions, adding a touch of nature and elegance to the space it is placed in. Overall, the rug's colors and pattern make it an attractive decorative piece for the room."
8644 – Lines Woo & Silk.jpg,describe the colors and patterns,"The image features a tan carpet with a pattern of white and yellow lines on it. The lines create a visual texture that adds interest to the carpet's design. The carpet itself has a soft and cozy appearance, making it an attractive addition to a room."
Dune.jpg,describe the colors and patterns,"The rug in the image is white with some grey stripes or lines running through it. The overall pattern is quite simple, featuring a repetitive line design that runs horizontally across the rug. The simplicity of the pattern contrasts with the white background, making the rug stand out and become the focal point of the room."
6020 Traditional Tebriz 10’2″ x 14’6″.jpg,describe the colors and patterns,"The rug in the image features a mix of black, red, and orange colors, creating a visually striking pattern. The pattern consists of various flowers and leaves, which are intricately woven into the rug's design. The combination of these bold colors and the detailed floral pattern make the rug stand out as a piece of art."
9519 – Cherry Tree Crimson.jpg,describe the colors and patterns,"The image features a red and white carpet with a floral pattern. The carpet is made up of numerous branches and flowers, which give it a vibrant and lively appearance. The red color contrasts beautifully with the white flowers, making the pattern stand out and adding a touch of elegance to the space it covers."
10806 – Indo Modern.jpg,describe the colors and patterns,"The rug in the image features a combination of tan, blue, and gray colors, creating a visually appealing contrast. It also has a striped pattern, with alternating bands of these colors running across its surface. The rug is quite large, covering a significant portion of the white background it is placed on. The overall design of the rug adds a touch of elegance and sophistication to the space it is placed in."
17448 ARIANA BIDJAR 10 X 13’10”.jpg,describe the colors and patterns,"The rug features a mix of blue and red colors, creating a visually striking contrast. The pattern on the rug consists of a combination of these two colors, with the blue and red hues blending together to form intricate designs. The rug is large, covering a significant portion of the white background it is placed on. The detailed blue and red artwork on the rug showcases the skill and craftsmanship that went into creating this beautiful piece."
9701 ARIANA TRIBAL 2.9 X 11.9.jpg,describe the colors and patterns,"The red carpet has a blue and black color scheme, and it features a floral pattern. The carpet is long and extends across the entire frame of the image, showcasing its vibrant colors and intricate design."
12205 Cinar Silk 3’1″ x 4’11”.jpg,describe the colors and patterns,"The blue carpet features a beautiful design with a central motif and smaller motifs surrounding it. The motifs are in shades of blue and gold, creating a visually appealing contrast. The carpet has a rectangular shape, and the combination of blue and gold colors gives it a sophisticated and elegant appearance."
12205 CINAR SILK 12′ X 18′.jpg,describe the colors and patterns,"The rug in the image is predominantly white with some blue and red colors in the pattern. The design features a flowery motif, with the flowers arranged in a circular pattern throughout the rug. The flowers are spread across the entire rug, creating a visually appealing and intricate pattern that adds beauty and elegance to the space."
16405 VINTAGE  3.10 X 9.jpg,describe the colors and patterns,"The rug in the image is a large, grey oriental design with a pattern of flowers. The flowers are intricately woven into the rug, showcasing the craftsmanship and artistry of the piece. The rug covers a significant portion of the wall, adding a touch of color and texture to the space."
9541 – Modern Wool & Silk.jpg,describe the colors and patterns,"The image features a wall with peeling paint, creating a textured appearance. The wall has a combination of tan, brown, and white colors, with some areas appearing more worn and aged. The paint seems to be scruffy, giving the wall a rugged and unfinished look. The overall scene is a simple, monochromatic composition with the peeled paint serving as the primary focus."
16086 ARIANA SERAPI 9’9″ X 14′.jpg,describe the colors and patterns,"The rug features a combination of red, black, and white colors, creating a visually striking pattern. The pattern consists of a central black square surrounded by multiple smaller white squares, which are then surrounded by larger white squares. This creates a visually appealing interlocking design that adds texture and interest to the rug. The rug is large, covering a significant portion of the white background."
10118 – Modern Wool & Silk.jpg,describe the colors and patterns,"The image features a red and brownish-brown area with some white elements. This creates a somewhat muddy brown coloration. The pattern consists of a combination of red, brown, and white, which gives it a somewhat abstract appearance. The red and brownish-brown area stands out against the predominantly white background, making it the focal point of the image."
Beele Ract.jpg,describe the colors and patterns,"The rug features a mix of blue and gray colors, creating a somewhat metallic appearance. The rug also has a patterned design, which adds visual interest to the space it is placed in. The pattern consists of various splashes of different colors, giving the rug a unique and eye-catching look."
10101 – Teker – 1.jpg,describe the colors and patterns,"The image features a large, pink and greyish-red rug with a unique, abstract design. The rug has a checkered pattern, with pink and greyish-red tiles creating a striking visual effect. The overall color palette of the rug is vibrant and eye-catching, adding a touch of style and personality to the space it is placed in."
12366 – Abs – 5.jpg,describe the colors and patterns,"The rug features a combination of white and blue squares, creating a visually striking contrast. The squares are arranged in a pattern that extends across the entire rug, covering its entire surface. The overall design is quite intricate, showcasing the artistic skill involved in its creation."
9701 Ariana Khotan 2’8″ x 9’7″.jpg,describe the colors and patterns,"The long rug features a combination of white and brown colors, with intricate patterns. The design consists of small squares or diamonds, which are likely to be of various shades of brown. The arrangement of these squares or diamonds creates a visually appealing and decorative pattern that adds a touch of elegance to the space they are placed in."
17108 VINTAGE USAK 10’7″ X 13’11”.jpg,describe the colors and patterns,"The rug features a combination of tan and brown colors, creating a warm and earthy aesthetic. It also showcases a pattern of white flowers, which adds a touch of elegance and nature to the overall design. The intricate pattern and the choice of flowers make the rug visually appealing and a potential conversation piece."
12939 Kazak Circa 1900.jpg,describe the colors and patterns,"The rug in the image is a large, colorful, and intricate piece with a mix of red, white, and black colors. It features a geometric pattern with a star shape as the central motif. The rug is placed on a wooden frame, and its size is quite impressive, covering a significant portion of the frame. The combination of colors and patterns makes the rug a visually striking and attractive piece."
17627 VINTAGE  5.8 X 8.5..jpg,describe the colors and patterns,"The rug features a mix of blue and white colors, creating a visually appealing contrast. It also has a decorative pattern that resembles a flower, adding an elegant touch to the space where it is displayed. The rug is quite large, covering a significant portion of the floor and making a bold statement in the room."
12360 – Tika Wool & Silk.jpg,describe the colors and patterns,"The image features a red and white checkered pattern on a white background. The red and white checkered pattern consists of small white dots, which are evenly spaced and create a visually appealing design. This pattern is reminiscent of a tiled floor or a piece of artwork with a repetitive, structured motif."
16430  2.6 X 9.4.jpg,describe the colors and patterns,"The rug features a combination of grey and white colors, creating a visually pleasing and neutral background. The rug also has a patterned design, which adds visual interest to the space it is placed in. The pattern consists of flowers, making it an elegant and decorative addition to the area."
Bodhi Autumn.jpg,describe the colors and patterns,"The rug features a bold red and white color scheme with a leafy pattern. The red color is prominently displayed, while the white elements create contrast and make the pattern stand out. The rug has a rectangular shape, and the leafy pattern adds a touch of nature to the room it is placed in."
17600 ariana heriz  10.5 x 14.1.jpg,describe the colors and patterns,"The rug features a combination of black, blue, and pink colors, creating a visually striking and intricate pattern. The design consists of various shapes and forms, which are skillfully woven together to form the rug's overall appearance. The blend of colors and patterns make the rug an eye-catching piece that can enhance the aesthetic of any space it is placed in."
10187 Vintage Serapi 7’9″ x 10’2″.jpg,describe the colors and patterns,"The rug features a combination of black, orange, and gold colors, creating a visually striking and intricate pattern. The design consists of various clusters of flowers, which are skillfully woven into the fabric. The flowers are spread throughout the rug, with some in the center, others towards the edges, and a few near the corners. The overall effect is a beautiful, ornate, and eye-catching piece of home decor."
9807 – Modern Wool & Silk.jpg,describe the colors and patterns,"The image features a large, square rug with a brick pattern and a predominantly gray color scheme. The rug has a textured appearance, resembling the look of bricks, and it covers a significant portion of the white background. The combination of the brick pattern and gray color creates a visually appealing contrast, making the rug stand out as a unique decorative piece."
17109 VINTAGE USAK 10’2″ X 13’11”.jpg,describe the colors and patterns,"The rug in the image is predominantly beige with some blue accents. It features a geometric pattern, which adds visual interest to the otherwise simple design. The pattern consists of various squares and rectangles of different sizes, all sharing the same color scheme. The rug's design and color combination create a harmonious and eye-catching piece that can enhance the aesthetic of any space it is placed in."
9223 – Modern.jpg,describe the colors and patterns,"The image features a wall with a textured, peeling paint that appears to be fading. The wall has a combination of tan, brown, and gray colors, giving it a somewhat aged appearance. The paint seems to be scalloped or scalloped with a metallic sheen, adding to the overall worn and weathered look of the wall. The paint is not uniform, with some areas showing more wear than others, creating a sense of depth and dimension in the scene."
11811 Bidjar (Bijar) Circa 1890.jpg,describe the colors and patterns,"The rug in the image is predominantly black and orange, featuring a diamond pattern. The diamond shape is a central element of the design, and it is surrounded by other smaller diamonds throughout the rug. The rug also has a few larger flowers scattered across it, adding a touch of color and contrast to the overall pattern. The combination of these colors and patterns creates an eye-catching and intricate design that showcases the rug's beauty and craftsmanship."
10106 – Modern Wool & Silk.jpg,describe the colors and patterns,"The image features a large, white, and blue rug with a unique black and white pattern. The rug has a textured appearance, giving it a visually interesting look. The black and white color scheme contrasts with the white background, making the rug stand out and become the focal point of the room. The intricate design and pattern create a sense of depth and dimension, adding visual appeal to the space."
6034 Tibetan Lines Wool & Silk.jpg,describe the colors and patterns,"The rug features a combination of black and white stripes, with the contrasting colors creating a visually striking pattern. The black stripes form the majority of the rug, while the white stripes serve as a secondary element, adding depth and balance to the overall design. The rug has a modern and contemporary look, making it an attractive choice for various interior design styles."
9701 ARIANA TRIBAL  2.10 x 9.8.jpg,describe the colors and patterns,"The rug features a mix of red, blue, and black colors, creating a visually striking pattern. The pattern consists of a series of squares, which are interspersed with larger irregular shapes, giving the rug a unique and intricate design. The squares are mostly blue, while the larger irregular shapes are predominantly red, creating a strong contrast between the two colors and adding to the rug's aesthetic appeal."
10097 FINE MAMLUK 9’1″X11’11”.jpg,describe the colors and patterns,"The rug features a variety of colors and intricate patterns. It has a predominantly blue and purple color scheme, with some green accents, giving it a unique and eye-catching appearance. The rug is adorned with a large number of flowers, adding a touch of elegance and nature to the overall design. The flowers are scattered throughout the rug, creating a visually appealing pattern that complements the blue and purple hues."
11383 Vintage Oushak Floral 9’1″ x 10’8″.jpg,describe the colors and patterns,"The rug in the image is predominantly yellow with some brown elements. It features a floral pattern, which is quite intricate and detailed. The flowers are the main design element, and they are arranged in a way that covers a significant portion of the rug's surface. The combination of the yellow and brown colors, along with the floral pattern, gives the rug a unique and visually appealing appearance."
12867 Baluch Circa 1900.jpg,describe the colors and patterns,"The rug features a combination of red and black colors, with a predominantly red pattern. The rug also has a black border around it, which adds contrast to the overall design. The pattern consists of various black and white shapes, which create a visually striking appearance when combined with the red background. The rug is quite large, spanning most of the image and making a bold statement in the space it occupies."
12205 Cinar Silk 3′ x 5′.jpg,describe the colors and patterns,"The rug in the image is a large, hand-woven Persian carpet with a mix of red, blue, and black colors. The carpet features a beautiful flower pattern, adding an elegant touch to the scene. The rug is placed on a white background, which highlights the rich colors and intricate design of the carpet."
17106 VINTAGE USAK 10′ X 13’2″.jpg,describe the colors and patterns,"The rug in the image features a combination of tan and blue colors, creating a visually appealing contrast. It also has a patterned design, which adds to its aesthetic appeal. The rug is placed on a wooden floor, enhancing the overall appearance of the room."
Bark Dune.jpg,describe the colors and patterns,"The image features a white and brown striped pattern on a piece of cloth. The cloth has a somewhat rough texture, which adds visual interest to the overall design. The colors of the cloth create a contrast against the background, making the pattern stand out prominently."
17798 VINTAGE  7.8 X 10.7.jpg,describe the colors and patterns,"The rug features a combination of blue and white colors, creating a visually striking contrast. The rug also has a decorative pattern consisting of flowers, which adds to its aesthetic appeal. The flowers are intricately designed and spread across the entire rug, creating a harmonious and eye-catching pattern."
14441 Karabagh Circa 1890.jpg,describe the colors and patterns,"The rug in the image features a mix of red, black, and grey colors, creating a visually striking pattern. The rug has a rectangular shape, with a border running along its edges. The pattern consists of various geometric shapes, such as squares and triangles, interspersed with smaller squares and rectangles. The combination of these shapes and the contrasting colors make the rug an eye-catching piece of home decor."
13207 Traditional Shall 9’1″ x 11’10”.jpg,describe the colors and patterns,"The rug in the image features a variety of colors and intricate patterns. It has a blue, red, and green color scheme, with the colors blending harmoniously to create a visually appealing design. The rug showcases a combination of squares and diamonds, which adds to its aesthetic appeal. The overall pattern is quite elaborate, making the rug an attractive and unique decorative piece."
Astro Plum.jpg,describe the colors and patterns,"The rug features a grey and purple color scheme with a unique design of pink and purple dots on it. The pattern consists of small circles throughout the rug, creating a visually interesting and playful appearance. The rug is large enough to cover a significant portion of the floor, adding a decorative touch to the space."
9701 Ariana Keshan 2’9″ x 9’9″.jpg,describe the colors and patterns,"The blue and white rug features a pattern of diamonds, which are evenly spaced throughout the design. The rug is quite long, stretching across the entirety of a white background. The combination of blue and white creates a visually striking contrast, making the rug stand out as the main focal point of the scene."
DMK – Swiss.jpg,describe the colors and patterns,"The rug in the image is a large, grey and white one with a unique, speckled pattern. The pattern consists of small, irregularly shaped dots that create a visually interesting and textured appearance. The rug covers a significant portion of the white background, making it the focal point of the room it is placed in."
