image,prompt,moondream_inference
9701 ARIANA TRIBAL 2.9 X 11.9.jpeg,"
Assuming you are a store assistant please analyze the item in the picture.
 Only return the data in a json with the keys shape, dominant_colors, style, description, material, suggested_title, theme. 
 Please restrict the product description to 100 words. 
 For theme please return any special characteristics like nature, geometric, abstract etc. 
",A long red rug with a geometric pattern on it.
Astro Plum.jpeg,"
Assuming you are a store assistant please analyze the item in the picture.
 Only return the data in a json with the keys shape, dominant_colors, style, description, material, suggested_title, theme. 
 Please restrict the product description to 100 words. 
 For theme please return any special characteristics like nature, geometric, abstract etc. 
",The rug in the picture has a geometric pattern of circles on it.
17630 VINTAGE  4.5 X 6.3.jpeg,"
Assuming you are a store assistant please analyze the item in the picture.
 Only return the data in a json with the keys shape, dominant_colors, style, description, material, suggested_title, theme. 
 Please restrict the product description to 100 words. 
 For theme please return any special characteristics like nature, geometric, abstract etc. 
",A rug with a diamond pattern and a gray background.
17777 VINTAGE  4.2 X 7.9.jpeg,"
Assuming you are a store assistant please analyze the item in the picture.
 Only return the data in a json with the keys shape, dominant_colors, style, description, material, suggested_title, theme. 
 Please restrict the product description to 100 words. 
 For theme please return any special characteristics like nature, geometric, abstract etc. 
",A rug with a geometric pattern in shades of blue and gray.
Kulu.jpeg,"
Assuming you are a store assistant please analyze the item in the picture.
 Only return the data in a json with the keys shape, dominant_colors, style, description, material, suggested_title, theme. 
 Please restrict the product description to 100 words. 
 For theme please return any special characteristics like nature, geometric, abstract etc. 
",The rug has a geometric pattern and is made of wool.
12355 – Modern Wool & Silk.jpeg,"
Assuming you are a store assistant please analyze the item in the picture.
 Only return the data in a json with the keys shape, dominant_colors, style, description, material, suggested_title, theme. 
 Please restrict the product description to 100 words. 
 For theme please return any special characteristics like nature, geometric, abstract etc. 
",The rug has an abstract geometric pattern.
17109 VINTAGE USAK 10’2″ X 13’11”.jpeg,"
Assuming you are a store assistant please analyze the item in the picture.
 Only return the data in a json with the keys shape, dominant_colors, style, description, material, suggested_title, theme. 
 Please restrict the product description to 100 words. 
 For theme please return any special characteristics like nature, geometric, abstract etc. 
",A rug with a geometric pattern on it.
10130 Modern W&S 9’8″ x 13’11”.jpeg,"
Assuming you are a store assistant please analyze the item in the picture.
 Only return the data in a json with the keys shape, dominant_colors, style, description, material, suggested_title, theme. 
 Please restrict the product description to 100 words. 
 For theme please return any special characteristics like nature, geometric, abstract etc. 
",The rug has a red and yellow background with some other colors as well.
10831 – Gabbeh.jpeg,"
Assuming you are a store assistant please analyze the item in the picture.
 Only return the data in a json with the keys shape, dominant_colors, style, description, material, suggested_title, theme. 
 Please restrict the product description to 100 words. 
 For theme please return any special characteristics like nature, geometric, abstract etc. 
",A red and blue and yellow quilt with a red border.
17790 VINTAGE  7.2 X 10.jpeg,"
Assuming you are a store assistant please analyze the item in the picture.
 Only return the data in a json with the keys shape, dominant_colors, style, description, material, suggested_title, theme. 
 Please restrict the product description to 100 words. 
 For theme please return any special characteristics like nature, geometric, abstract etc. 
",A grey oriental style rug with pink and green geometric shapes.
17344 ANTIQUE MAMLUK 10′ X 13’9″.jpeg,"
Assuming you are a store assistant please analyze the item in the picture.
 Only return the data in a json with the keys shape, dominant_colors, style, description, material, suggested_title, theme. 
 Please restrict the product description to 100 words. 
 For theme please return any special characteristics like nature, geometric, abstract etc. 
",A rug with a geometric pattern is displayed.
8761 – Sanam Wool & Silk.jpeg,"
Assuming you are a store assistant please analyze the item in the picture.
 Only return the data in a json with the keys shape, dominant_colors, style, description, material, suggested_title, theme. 
 Please restrict the product description to 100 words. 
 For theme please return any special characteristics like nature, geometric, abstract etc. 
",A rug with an abstract geometric design on it.
8615 – Modern Wool & Silk.jpeg,"
Assuming you are a store assistant please analyze the item in the picture.
 Only return the data in a json with the keys shape, dominant_colors, style, description, material, suggested_title, theme. 
 Please restrict the product description to 100 words. 
 For theme please return any special characteristics like nature, geometric, abstract etc. 
",A beige rug with a geometric pattern on it.
17776 VINTAGE  6.6 X 9.6.jpeg,"
Assuming you are a store assistant please analyze the item in the picture.
 Only return the data in a json with the keys shape, dominant_colors, style, description, material, suggested_title, theme. 
 Please restrict the product description to 100 words. 
 For theme please return any special characteristics like nature, geometric, abstract etc. 
",A grey oriental style rug with a geometric pattern.
12871 Kurdish Circa 1890.jpeg,"
Assuming you are a store assistant please analyze the item in the picture.
 Only return the data in a json with the keys shape, dominant_colors, style, description, material, suggested_title, theme. 
 Please restrict the product description to 100 words. 
 For theme please return any special characteristics like nature, geometric, abstract etc. 
",The rug has a geometric pattern and is made of wool.
12352 – Abs – 4.jpeg,"
Assuming you are a store assistant please analyze the item in the picture.
 Only return the data in a json with the keys shape, dominant_colors, style, description, material, suggested_title, theme. 
 Please restrict the product description to 100 words. 
 For theme please return any special characteristics like nature, geometric, abstract etc. 
",The rug has an abstract painting on it and is made of wool.
10187 Vintage Serapi 7’9″ x 10’2″.jpeg,"
Assuming you are a store assistant please analyze the item in the picture.
 Only return the data in a json with the keys shape, dominant_colors, style, description, material, suggested_title, theme. 
 Please restrict the product description to 100 words. 
 For theme please return any special characteristics like nature, geometric, abstract etc. 
",A rug with a geometric pattern of flowers and leaves on it.
8610 – Modern Woo & Silk.jpeg,"
Assuming you are a store assistant please analyze the item in the picture.
 Only return the data in a json with the keys shape, dominant_colors, style, description, material, suggested_title, theme. 
 Please restrict the product description to 100 words. 
 For theme please return any special characteristics like nature, geometric, abstract etc. 
",A beige and white rug with a flowery pattern on it.
6103-Over Dyed -10×13.5.jpeg,"
Assuming you are a store assistant please analyze the item in the picture.
 Only return the data in a json with the keys shape, dominant_colors, style, description, material, suggested_title, theme. 
 Please restrict the product description to 100 words. 
 For theme please return any special characteristics like nature, geometric, abstract etc. 
",The rug has a purple and black geometric pattern.
17799 VINTAGE  6.9 X 9.3.jpeg,"
Assuming you are a store assistant please analyze the item in the picture.
 Only return the data in a json with the keys shape, dominant_colors, style, description, material, suggested_title, theme. 
 Please restrict the product description to 100 words. 
 For theme please return any special characteristics like nature, geometric, abstract etc. 
",A rug with a grey and red background is shown.
10117 Traditional Bokhara 6’9″ x 9’7″.jpeg,"
Assuming you are a store assistant please analyze the item in the picture.
 Only return the data in a json with the keys shape, dominant_colors, style, description, material, suggested_title, theme. 
 Please restrict the product description to 100 words. 
 For theme please return any special characteristics like nature, geometric, abstract etc. 
",A large rug with a geometric pattern on it.
Godiva.jpeg,"
Assuming you are a store assistant please analyze the item in the picture.
 Only return the data in a json with the keys shape, dominant_colors, style, description, material, suggested_title, theme. 
 Please restrict the product description to 100 words. 
 For theme please return any special characteristics like nature, geometric, abstract etc. 
",A grey and white rug with a basketball pattern on it.
ABS – 2.jpeg,"
Assuming you are a store assistant please analyze the item in the picture.
 Only return the data in a json with the keys shape, dominant_colors, style, description, material, suggested_title, theme. 
 Please restrict the product description to 100 words. 
 For theme please return any special characteristics like nature, geometric, abstract etc. 
",The rug has a geometric pattern and is made of wool.
17787 VINTAGE  8.3 X 12.8.jpeg,"
Assuming you are a store assistant please analyze the item in the picture.
 Only return the data in a json with the keys shape, dominant_colors, style, description, material, suggested_title, theme. 
 Please restrict the product description to 100 words. 
 For theme please return any special characteristics like nature, geometric, abstract etc. 
",A rug with a geometric pattern in purple and gray.
12205 Cinar Silk 3’1″ x 4’11”.jpeg,"
Assuming you are a store assistant please analyze the item in the picture.
 Only return the data in a json with the keys shape, dominant_colors, style, description, material, suggested_title, theme. 
 Please restrict the product description to 100 words. 
 For theme please return any special characteristics like nature, geometric, abstract etc. 
",A blue and brown paisley rug with a geometric pattern.
Landmark.jpeg,"
Assuming you are a store assistant please analyze the item in the picture.
 Only return the data in a json with the keys shape, dominant_colors, style, description, material, suggested_title, theme. 
 Please restrict the product description to 100 words. 
 For theme please return any special characteristics like nature, geometric, abstract etc. 
",The rug has a geometric pattern and is made of natural fibers.
10103 Modern Tibetan Wool & Silk 10′ x 14’2″.jpeg,"
Assuming you are a store assistant please analyze the item in the picture.
 Only return the data in a json with the keys shape, dominant_colors, style, description, material, suggested_title, theme. 
 Please restrict the product description to 100 words. 
 For theme please return any special characteristics like nature, geometric, abstract etc. 
",A rug with a geometric pattern on it.
9770 Traditional Mamlouk 10’1″ x 12’10”.jpeg,"
Assuming you are a store assistant please analyze the item in the picture.
 Only return the data in a json with the keys shape, dominant_colors, style, description, material, suggested_title, theme. 
 Please restrict the product description to 100 words. 
 For theme please return any special characteristics like nature, geometric, abstract etc. 
","A large, colorful rug with a geometric pattern on it."
12360 – Tika Wool & Silk.jpeg,"
Assuming you are a store assistant please analyze the item in the picture.
 Only return the data in a json with the keys shape, dominant_colors, style, description, material, suggested_title, theme. 
 Please restrict the product description to 100 words. 
 For theme please return any special characteristics like nature, geometric, abstract etc. 
",The rug has a geometric pattern of dots in red and beige.
20283 – Bodhi Crimson.jpeg,"
Assuming you are a store assistant please analyze the item in the picture.
 Only return the data in a json with the keys shape, dominant_colors, style, description, material, suggested_title, theme. 
 Please restrict the product description to 100 words. 
 For theme please return any special characteristics like nature, geometric, abstract etc. 
",The rug has a tree on it and is red and yellow.
8644 – Lines Woo & Silk.jpeg,"
Assuming you are a store assistant please analyze the item in the picture.
 Only return the data in a json with the keys shape, dominant_colors, style, description, material, suggested_title, theme. 
 Please restrict the product description to 100 words. 
 For theme please return any special characteristics like nature, geometric, abstract etc. 
",A rug with a geometric pattern and beige dominant colors.
10832 – Modern.jpeg,"
Assuming you are a store assistant please analyze the item in the picture.
 Only return the data in a json with the keys shape, dominant_colors, style, description, material, suggested_title, theme. 
 Please restrict the product description to 100 words. 
 For theme please return any special characteristics like nature, geometric, abstract etc. 
",The rug in the picture has a geometric pattern and is made of wool.
12365 – Amelia Crimson.jpeg,"
Assuming you are a store assistant please analyze the item in the picture.
 Only return the data in a json with the keys shape, dominant_colors, style, description, material, suggested_title, theme. 
 Please restrict the product description to 100 words. 
 For theme please return any special characteristics like nature, geometric, abstract etc. 
",The rug has a nature theme with orange and white colors.
16430  2.6 X 9.4.jpeg,"
Assuming you are a store assistant please analyze the item in the picture.
 Only return the data in a json with the keys shape, dominant_colors, style, description, material, suggested_title, theme. 
 Please restrict the product description to 100 words. 
 For theme please return any special characteristics like nature, geometric, abstract etc. 
",A grey rug with a floral pattern is on display.
16086 ARIANA SERAPI 9’9″ X 14′.jpeg,"
Assuming you are a store assistant please analyze the item in the picture.
 Only return the data in a json with the keys shape, dominant_colors, style, description, material, suggested_title, theme. 
 Please restrict the product description to 100 words. 
 For theme please return any special characteristics like nature, geometric, abstract etc. 
",A red and grey rug with a black and white design.
10178 – BODHI EARTH.jpeg,"
Assuming you are a store assistant please analyze the item in the picture.
 Only return the data in a json with the keys shape, dominant_colors, style, description, material, suggested_title, theme. 
 Please restrict the product description to 100 words. 
 For theme please return any special characteristics like nature, geometric, abstract etc. 
",The rug has a nature theme with a branch design.
6896 Tibetan Wool & Silk.jpeg,"
Assuming you are a store assistant please analyze the item in the picture.
 Only return the data in a json with the keys shape, dominant_colors, style, description, material, suggested_title, theme. 
 Please restrict the product description to 100 words. 
 For theme please return any special characteristics like nature, geometric, abstract etc. 
",The rug has a geometric pattern of trees on it.
ABS-4.jpeg,"
Assuming you are a store assistant please analyze the item in the picture.
 Only return the data in a json with the keys shape, dominant_colors, style, description, material, suggested_title, theme. 
 Please restrict the product description to 100 words. 
 For theme please return any special characteristics like nature, geometric, abstract etc. 
",The rug has a geometric pattern and is made of wool.
9701 ARIANA TRIBAL  2.10 x 9.8.jpeg,"
Assuming you are a store assistant please analyze the item in the picture.
 Only return the data in a json with the keys shape, dominant_colors, style, description, material, suggested_title, theme. 
 Please restrict the product description to 100 words. 
 For theme please return any special characteristics like nature, geometric, abstract etc. 
","A long, red, black and white rug with a geometric pattern."
9517 – Modern Wool & Silk.jpeg,"
Assuming you are a store assistant please analyze the item in the picture.
 Only return the data in a json with the keys shape, dominant_colors, style, description, material, suggested_title, theme. 
 Please restrict the product description to 100 words. 
 For theme please return any special characteristics like nature, geometric, abstract etc. 
",The rug has a geometric pattern and is made of wool.
Halo Metok.jpeg,"
Assuming you are a store assistant please analyze the item in the picture.
 Only return the data in a json with the keys shape, dominant_colors, style, description, material, suggested_title, theme. 
 Please restrict the product description to 100 words. 
 For theme please return any special characteristics like nature, geometric, abstract etc. 
",The rug has a geometric pattern and is made of wool.
16438  3.5 X 10.5.jpeg,"
Assuming you are a store assistant please analyze the item in the picture.
 Only return the data in a json with the keys shape, dominant_colors, style, description, material, suggested_title, theme. 
 Please restrict the product description to 100 words. 
 For theme please return any special characteristics like nature, geometric, abstract etc. 
",A grey and red rug with a green diamond pattern on it.
Cherry Flower.jpeg,"
Assuming you are a store assistant please analyze the item in the picture.
 Only return the data in a json with the keys shape, dominant_colors, style, description, material, suggested_title, theme. 
 Please restrict the product description to 100 words. 
 For theme please return any special characteristics like nature, geometric, abstract etc. 
",A rug with an abstract design on it.
12205 CINAR SILK 10 X 14.jpeg,"
Assuming you are a store assistant please analyze the item in the picture.
 Only return the data in a json with the keys shape, dominant_colors, style, description, material, suggested_title, theme. 
 Please restrict the product description to 100 words. 
 For theme please return any special characteristics like nature, geometric, abstract etc. 
",A rug with a flower design on it.
10101 – Teker – 1.jpeg,"
Assuming you are a store assistant please analyze the item in the picture.
 Only return the data in a json with the keys shape, dominant_colors, style, description, material, suggested_title, theme. 
 Please restrict the product description to 100 words. 
 For theme please return any special characteristics like nature, geometric, abstract etc. 
",The rug has a geometric pattern and is made of wool.
12205.jpeg,"
Assuming you are a store assistant please analyze the item in the picture.
 Only return the data in a json with the keys shape, dominant_colors, style, description, material, suggested_title, theme. 
 Please restrict the product description to 100 words. 
 For theme please return any special characteristics like nature, geometric, abstract etc. 
",An antique rug with a blue and orange geometric pattern.
13207 Traditional Shall 9’1″ x 11’10”.jpeg,"
Assuming you are a store assistant please analyze the item in the picture.
 Only return the data in a json with the keys shape, dominant_colors, style, description, material, suggested_title, theme. 
 Please restrict the product description to 100 words. 
 For theme please return any special characteristics like nature, geometric, abstract etc. 
",A rug with a geometric pattern is displayed.
16429  3 X 13.10.jpeg,"
Assuming you are a store assistant please analyze the item in the picture.
 Only return the data in a json with the keys shape, dominant_colors, style, description, material, suggested_title, theme. 
 Please restrict the product description to 100 words. 
 For theme please return any special characteristics like nature, geometric, abstract etc. 
",A grey and red carpet with a geometric pattern on it.
100 Days Of Summer.jpeg,"
Assuming you are a store assistant please analyze the item in the picture.
 Only return the data in a json with the keys shape, dominant_colors, style, description, material, suggested_title, theme. 
 Please restrict the product description to 100 words. 
 For theme please return any special characteristics like nature, geometric, abstract etc. 
",The rug has a geometric pattern and is made of wool.
10138 – Modern Wool & Silk.jpeg,"
Assuming you are a store assistant please analyze the item in the picture.
 Only return the data in a json with the keys shape, dominant_colors, style, description, material, suggested_title, theme. 
 Please restrict the product description to 100 words. 
 For theme please return any special characteristics like nature, geometric, abstract etc. 
",The rug has an abstract design with brown and grey colors.
9519 – Cherry Tree Crimson.jpeg,"
Assuming you are a store assistant please analyze the item in the picture.
 Only return the data in a json with the keys shape, dominant_colors, style, description, material, suggested_title, theme. 
 Please restrict the product description to 100 words. 
 For theme please return any special characteristics like nature, geometric, abstract etc. 
",The rug has a nature theme with red flowers on it.
8796 – Modern Wool & Silk.jpeg,"
Assuming you are a store assistant please analyze the item in the picture.
 Only return the data in a json with the keys shape, dominant_colors, style, description, material, suggested_title, theme. 
 Please restrict the product description to 100 words. 
 For theme please return any special characteristics like nature, geometric, abstract etc. 
",The rug has a geometric pattern and is made of wool.
10211 Traditional Sultan Abbad 8’9″ x 12’2″.jpeg,"
Assuming you are a store assistant please analyze the item in the picture.
 Only return the data in a json with the keys shape, dominant_colors, style, description, material, suggested_title, theme. 
 Please restrict the product description to 100 words. 
 For theme please return any special characteristics like nature, geometric, abstract etc. 
",A large black and tan rug with a geometric pattern on it.
Cali Wave.jpeg,"
Assuming you are a store assistant please analyze the item in the picture.
 Only return the data in a json with the keys shape, dominant_colors, style, description, material, suggested_title, theme. 
 Please restrict the product description to 100 words. 
 For theme please return any special characteristics like nature, geometric, abstract etc. 
",The rug has a geometric pattern of wavy lines in tan and gray.
12205 CINAR SILK 10 X 15.jpeg,"
Assuming you are a store assistant please analyze the item in the picture.
 Only return the data in a json with the keys shape, dominant_colors, style, description, material, suggested_title, theme. 
 Please restrict the product description to 100 words. 
 For theme please return any special characteristics like nature, geometric, abstract etc. 
",A blue and tan Persian rug with a geometric pattern.
12205 – 3′ x 5’2″.jpeg,"
Assuming you are a store assistant please analyze the item in the picture.
 Only return the data in a json with the keys shape, dominant_colors, style, description, material, suggested_title, theme. 
 Please restrict the product description to 100 words. 
 For theme please return any special characteristics like nature, geometric, abstract etc. 
",A blue and white carpet with a gold circle in the center.
17600 ariana heriz  10.5 x 14.1.jpeg,"
Assuming you are a store assistant please analyze the item in the picture.
 Only return the data in a json with the keys shape, dominant_colors, style, description, material, suggested_title, theme. 
 Please restrict the product description to 100 words. 
 For theme please return any special characteristics like nature, geometric, abstract etc. 
",The rug has a geometric pattern and is made of wool.
ABS – 8.jpeg,"
Assuming you are a store assistant please analyze the item in the picture.
 Only return the data in a json with the keys shape, dominant_colors, style, description, material, suggested_title, theme. 
 Please restrict the product description to 100 words. 
 For theme please return any special characteristics like nature, geometric, abstract etc. 
",The rug has a geometric pattern and is made of wool.
12205 CINAR SILK 12 X 18’7″.jpeg,"
Assuming you are a store assistant please analyze the item in the picture.
 Only return the data in a json with the keys shape, dominant_colors, style, description, material, suggested_title, theme. 
 Please restrict the product description to 100 words. 
 For theme please return any special characteristics like nature, geometric, abstract etc. 
","A rug with a geometric pattern in red, blue and white."
17448 ARIANA BIDJAR 10 X 13’10”.jpeg,"
Assuming you are a store assistant please analyze the item in the picture.
 Only return the data in a json with the keys shape, dominant_colors, style, description, material, suggested_title, theme. 
 Please restrict the product description to 100 words. 
 For theme please return any special characteristics like nature, geometric, abstract etc. 
",A blue and red rug with a geometric pattern on it.
16425 VINTAGE  11 X 18.6.jpeg,"
Assuming you are a store assistant please analyze the item in the picture.
 Only return the data in a json with the keys shape, dominant_colors, style, description, material, suggested_title, theme. 
 Please restrict the product description to 100 words. 
 For theme please return any special characteristics like nature, geometric, abstract etc. 
",A grey and green runner rug with a diamond pattern.
9172 Traditional Bidjar 8’10” x 11′.jpeg,"
Assuming you are a store assistant please analyze the item in the picture.
 Only return the data in a json with the keys shape, dominant_colors, style, description, material, suggested_title, theme. 
 Please restrict the product description to 100 words. 
 For theme please return any special characteristics like nature, geometric, abstract etc. 
",A red and blue rug with a geometric pattern on it.
10174 Traditional Keshan 6’1″ x 9’1″.jpeg,"
Assuming you are a store assistant please analyze the item in the picture.
 Only return the data in a json with the keys shape, dominant_colors, style, description, material, suggested_title, theme. 
 Please restrict the product description to 100 words. 
 For theme please return any special characteristics like nature, geometric, abstract etc. 
",A rug with a geometric pattern is shown.
8111 Traditional Batiari 10’3″ x 13’9″.jpeg,"
Assuming you are a store assistant please analyze the item in the picture.
 Only return the data in a json with the keys shape, dominant_colors, style, description, material, suggested_title, theme. 
 Please restrict the product description to 100 words. 
 For theme please return any special characteristics like nature, geometric, abstract etc. 
",A red and blue rug with a geometric pattern on it.
10222 – Modern Wool & Silk.jpeg,"
Assuming you are a store assistant please analyze the item in the picture.
 Only return the data in a json with the keys shape, dominant_colors, style, description, material, suggested_title, theme. 
 Please restrict the product description to 100 words. 
 For theme please return any special characteristics like nature, geometric, abstract etc. 
",The rug has a geometric pattern and is made of wool.
16408 VINTAGE  3 X 12.6.jpeg,"
Assuming you are a store assistant please analyze the item in the picture.
 Only return the data in a json with the keys shape, dominant_colors, style, description, material, suggested_title, theme. 
 Please restrict the product description to 100 words. 
 For theme please return any special characteristics like nature, geometric, abstract etc. 
",A rug with a geometric pattern on it.
16479 VINTAGE  6.7 X 9.9.jpeg,"
Assuming you are a store assistant please analyze the item in the picture.
 Only return the data in a json with the keys shape, dominant_colors, style, description, material, suggested_title, theme. 
 Please restrict the product description to 100 words. 
 For theme please return any special characteristics like nature, geometric, abstract etc. 
",A grey oriental style rug with a geometric pattern.
10207 Modern Silk 10′ x 14′.jpeg,"
Assuming you are a store assistant please analyze the item in the picture.
 Only return the data in a json with the keys shape, dominant_colors, style, description, material, suggested_title, theme. 
 Please restrict the product description to 100 words. 
 For theme please return any special characteristics like nature, geometric, abstract etc. 
",The rug has an abstract design with a mix of browns and oranges.
ABS – 14.jpeg,"
Assuming you are a store assistant please analyze the item in the picture.
 Only return the data in a json with the keys shape, dominant_colors, style, description, material, suggested_title, theme. 
 Please restrict the product description to 100 words. 
 For theme please return any special characteristics like nature, geometric, abstract etc. 
",The rug has an abstract design with a mix of orange and gray colors.
Century Crimson.jpeg,"
Assuming you are a store assistant please analyze the item in the picture.
 Only return the data in a json with the keys shape, dominant_colors, style, description, material, suggested_title, theme. 
 Please restrict the product description to 100 words. 
 For theme please return any special characteristics like nature, geometric, abstract etc. 
",A rug with a geometric pattern on it.
Butterfly.jpeg,"
Assuming you are a store assistant please analyze the item in the picture.
 Only return the data in a json with the keys shape, dominant_colors, style, description, material, suggested_title, theme. 
 Please restrict the product description to 100 words. 
 For theme please return any special characteristics like nature, geometric, abstract etc. 
",A grey and yellow butterfly rug.
Kaveri.jpeg,"
Assuming you are a store assistant please analyze the item in the picture.
 Only return the data in a json with the keys shape, dominant_colors, style, description, material, suggested_title, theme. 
 Please restrict the product description to 100 words. 
 For theme please return any special characteristics like nature, geometric, abstract etc. 
",The rug has a geometric pattern and is made of wool.
9701 Ariana Khotan 2’8″ x 9’7″.jpeg,"
Assuming you are a store assistant please analyze the item in the picture.
 Only return the data in a json with the keys shape, dominant_colors, style, description, material, suggested_title, theme. 
 Please restrict the product description to 100 words. 
 For theme please return any special characteristics like nature, geometric, abstract etc. 
","A long, narrow, plush rug with a geometric pattern in neutral colors."
6020 Traditional Tebriz 10’2″ x 14’6″.jpeg,"
Assuming you are a store assistant please analyze the item in the picture.
 Only return the data in a json with the keys shape, dominant_colors, style, description, material, suggested_title, theme. 
 Please restrict the product description to 100 words. 
 For theme please return any special characteristics like nature, geometric, abstract etc. 
",A rug with a nature theme.
9701 Ariana Mahal 2’7″ x 9’8″.jpeg,"
Assuming you are a store assistant please analyze the item in the picture.
 Only return the data in a json with the keys shape, dominant_colors, style, description, material, suggested_title, theme. 
 Please restrict the product description to 100 words. 
 For theme please return any special characteristics like nature, geometric, abstract etc. 
",A long black and red geometric patterned rug.
13596 Kurdish Circa 1890.jpeg,"
Assuming you are a store assistant please analyze the item in the picture.
 Only return the data in a json with the keys shape, dominant_colors, style, description, material, suggested_title, theme. 
 Please restrict the product description to 100 words. 
 For theme please return any special characteristics like nature, geometric, abstract etc. 
",A rug with a geometric pattern is displayed.
8617 – Minto Midnight.jpeg,"
Assuming you are a store assistant please analyze the item in the picture.
 Only return the data in a json with the keys shape, dominant_colors, style, description, material, suggested_title, theme. 
 Please restrict the product description to 100 words. 
 For theme please return any special characteristics like nature, geometric, abstract etc. 
",A large rug with a geometric pattern on it.
17796 VINTAGE  6.11 X 9.8.jpeg,"
Assuming you are a store assistant please analyze the item in the picture.
 Only return the data in a json with the keys shape, dominant_colors, style, description, material, suggested_title, theme. 
 Please restrict the product description to 100 words. 
 For theme please return any special characteristics like nature, geometric, abstract etc. 
",The rug in the picture has a geometric pattern and is made of wool.
5031 – Metok Crimson Wool & Silk.jpeg,"
Assuming you are a store assistant please analyze the item in the picture.
 Only return the data in a json with the keys shape, dominant_colors, style, description, material, suggested_title, theme. 
 Please restrict the product description to 100 words. 
 For theme please return any special characteristics like nature, geometric, abstract etc. 
",A red and white rug with a nature theme.
17110 VINTAGE USAK 10′ X 13’1″.jpeg,"
Assuming you are a store assistant please analyze the item in the picture.
 Only return the data in a json with the keys shape, dominant_colors, style, description, material, suggested_title, theme. 
 Please restrict the product description to 100 words. 
 For theme please return any special characteristics like nature, geometric, abstract etc. 
",A grey and yellow rug with a flowery pattern on it.
2273 – Floral Tibetan.jpeg,"
Assuming you are a store assistant please analyze the item in the picture.
 Only return the data in a json with the keys shape, dominant_colors, style, description, material, suggested_title, theme. 
 Please restrict the product description to 100 words. 
 For theme please return any special characteristics like nature, geometric, abstract etc. 
",The rug has a nature theme with a geometric pattern.
9807 – Modern Wool & Silk.jpeg,"
Assuming you are a store assistant please analyze the item in the picture.
 Only return the data in a json with the keys shape, dominant_colors, style, description, material, suggested_title, theme. 
 Please restrict the product description to 100 words. 
 For theme please return any special characteristics like nature, geometric, abstract etc. 
",The rug in the picture has a brick pattern and is made of natural fibers.
12205 – 3’2″ x 4’11”.jpeg,"
Assuming you are a store assistant please analyze the item in the picture.
 Only return the data in a json with the keys shape, dominant_colors, style, description, material, suggested_title, theme. 
 Please restrict the product description to 100 words. 
 For theme please return any special characteristics like nature, geometric, abstract etc. 
",A rug with a geometric pattern in blue and tan.
12205 Cinar Silk 1001 Nights 6′ x 9’2″.jpeg,"
Assuming you are a store assistant please analyze the item in the picture.
 Only return the data in a json with the keys shape, dominant_colors, style, description, material, suggested_title, theme. 
 Please restrict the product description to 100 words. 
 For theme please return any special characteristics like nature, geometric, abstract etc. 
",A rug with a geometric pattern is displayed.
13550 – Serapi Modern.jpeg,"
Assuming you are a store assistant please analyze the item in the picture.
 Only return the data in a json with the keys shape, dominant_colors, style, description, material, suggested_title, theme. 
 Please restrict the product description to 100 words. 
 For theme please return any special characteristics like nature, geometric, abstract etc. 
",The rug has a geometric pattern and is made of wool.
17774 VINTAGE  7.1 X 9.7.jpeg,"
Assuming you are a store assistant please analyze the item in the picture.
 Only return the data in a json with the keys shape, dominant_colors, style, description, material, suggested_title, theme. 
 Please restrict the product description to 100 words. 
 For theme please return any special characteristics like nature, geometric, abstract etc. 
",The rug in the picture has a geometric pattern and is made of wool.
17104 VINTAGE USAK 9’10” X 13’7″.jpeg,"
Assuming you are a store assistant please analyze the item in the picture.
 Only return the data in a json with the keys shape, dominant_colors, style, description, material, suggested_title, theme. 
 Please restrict the product description to 100 words. 
 For theme please return any special characteristics like nature, geometric, abstract etc. 
",A grey and yellow rug with a geometric pattern on it.
17792 VINTAGE  6.7 X 9.9.jpeg,"
Assuming you are a store assistant please analyze the item in the picture.
 Only return the data in a json with the keys shape, dominant_colors, style, description, material, suggested_title, theme. 
 Please restrict the product description to 100 words. 
 For theme please return any special characteristics like nature, geometric, abstract etc. 
",A rug with a geometric pattern is displayed.
12205 Cinar Silk 3′ x 5′.jpeg,"
Assuming you are a store assistant please analyze the item in the picture.
 Only return the data in a json with the keys shape, dominant_colors, style, description, material, suggested_title, theme. 
 Please restrict the product description to 100 words. 
 For theme please return any special characteristics like nature, geometric, abstract etc. 
","A rug with a geometric pattern in shades of blue, orange and pink."
14579 Kuba Caucasian Circa 1890.jpeg,"
Assuming you are a store assistant please analyze the item in the picture.
 Only return the data in a json with the keys shape, dominant_colors, style, description, material, suggested_title, theme. 
 Please restrict the product description to 100 words. 
 For theme please return any special characteristics like nature, geometric, abstract etc. 
",The rug has a geometric pattern on it.
8641 – Naravan.jpeg,"
Assuming you are a store assistant please analyze the item in the picture.
 Only return the data in a json with the keys shape, dominant_colors, style, description, material, suggested_title, theme. 
 Please restrict the product description to 100 words. 
 For theme please return any special characteristics like nature, geometric, abstract etc. 
",The rug has a nature theme with trees on it.
16404  2.10 X 10.10.jpeg,"
Assuming you are a store assistant please analyze the item in the picture.
 Only return the data in a json with the keys shape, dominant_colors, style, description, material, suggested_title, theme. 
 Please restrict the product description to 100 words. 
 For theme please return any special characteristics like nature, geometric, abstract etc. 
",A grey and brown runner is displayed with a description of it being a traditional style rug.
17111 VINTAGE USAK 10′ X 13’11”.jpeg,"
Assuming you are a store assistant please analyze the item in the picture.
 Only return the data in a json with the keys shape, dominant_colors, style, description, material, suggested_title, theme. 
 Please restrict the product description to 100 words. 
 For theme please return any special characteristics like nature, geometric, abstract etc. 
",A rug with a nature theme.
10204 – Damask.jpeg,"
Assuming you are a store assistant please analyze the item in the picture.
 Only return the data in a json with the keys shape, dominant_colors, style, description, material, suggested_title, theme. 
 Please restrict the product description to 100 words. 
 For theme please return any special characteristics like nature, geometric, abstract etc. 
",A grey and black rug with a floral pattern on it.
9223 – Modern.jpeg,"
Assuming you are a store assistant please analyze the item in the picture.
 Only return the data in a json with the keys shape, dominant_colors, style, description, material, suggested_title, theme. 
 Please restrict the product description to 100 words. 
 For theme please return any special characteristics like nature, geometric, abstract etc. 
",The rug has a geometric pattern and is made of wool.
16430 VINTAGE  2.5 X 9.4.jpeg,"
Assuming you are a store assistant please analyze the item in the picture.
 Only return the data in a json with the keys shape, dominant_colors, style, description, material, suggested_title, theme. 
 Please restrict the product description to 100 words. 
 For theme please return any special characteristics like nature, geometric, abstract etc. 
",A grey and white rug with an abstract design in it.
Bonse.jpeg,"
Assuming you are a store assistant please analyze the item in the picture.
 Only return the data in a json with the keys shape, dominant_colors, style, description, material, suggested_title, theme. 
 Please restrict the product description to 100 words. 
 For theme please return any special characteristics like nature, geometric, abstract etc. 
",A rug with a geometric pattern and blue and gray tones.
Domain – Tibetan Rug From Nepal – 10181.jpeg,"
Assuming you are a store assistant please analyze the item in the picture.
 Only return the data in a json with the keys shape, dominant_colors, style, description, material, suggested_title, theme. 
 Please restrict the product description to 100 words. 
 For theme please return any special characteristics like nature, geometric, abstract etc. 
",The rug has a geometric pattern of squares in various colors.
16424  3.7 X 9.6.jpeg,"
Assuming you are a store assistant please analyze the item in the picture.
 Only return the data in a json with the keys shape, dominant_colors, style, description, material, suggested_title, theme. 
 Please restrict the product description to 100 words. 
 For theme please return any special characteristics like nature, geometric, abstract etc. 
",A grey rug with a diamond pattern that is rectangular in shape.
17797 VINTAGE  6.9 X 10.9.jpeg,"
Assuming you are a store assistant please analyze the item in the picture.
 Only return the data in a json with the keys shape, dominant_colors, style, description, material, suggested_title, theme. 
 Please restrict the product description to 100 words. 
 For theme please return any special characteristics like nature, geometric, abstract etc. 
",The rug has a geometric pattern on it.
12205 Cinar Silk 1001 Nights 2’7″ x 4’1″.jpeg,"
Assuming you are a store assistant please analyze the item in the picture.
 Only return the data in a json with the keys shape, dominant_colors, style, description, material, suggested_title, theme. 
 Please restrict the product description to 100 words. 
 For theme please return any special characteristics like nature, geometric, abstract etc. 
",A very colorful rug with a geometric pattern.
14441 Karabagh Circa 1890.jpeg,"
Assuming you are a store assistant please analyze the item in the picture.
 Only return the data in a json with the keys shape, dominant_colors, style, description, material, suggested_title, theme. 
 Please restrict the product description to 100 words. 
 For theme please return any special characteristics like nature, geometric, abstract etc. 
","A large, ornate rug with a geometric pattern in shades of red and black."
12366 – Abs – 5.jpeg,"
Assuming you are a store assistant please analyze the item in the picture.
 Only return the data in a json with the keys shape, dominant_colors, style, description, material, suggested_title, theme. 
 Please restrict the product description to 100 words. 
 For theme please return any special characteristics like nature, geometric, abstract etc. 
",A rug with a geometric pattern on it.
10199 – Harvest.jpeg,"
Assuming you are a store assistant please analyze the item in the picture.
 Only return the data in a json with the keys shape, dominant_colors, style, description, material, suggested_title, theme. 
 Please restrict the product description to 100 words. 
 For theme please return any special characteristics like nature, geometric, abstract etc. 
",A beige placemat with a flowery pattern on it.
17108 VINTAGE USAK 10’7″ X 13’11”.jpeg,"
Assuming you are a store assistant please analyze the item in the picture.
 Only return the data in a json with the keys shape, dominant_colors, style, description, material, suggested_title, theme. 
 Please restrict the product description to 100 words. 
 For theme please return any special characteristics like nature, geometric, abstract etc. 
",A rug with a geometric pattern on it.
17106 VINTAGE USAK 10′ X 13’2″.jpeg,"
Assuming you are a store assistant please analyze the item in the picture.
 Only return the data in a json with the keys shape, dominant_colors, style, description, material, suggested_title, theme. 
 Please restrict the product description to 100 words. 
 For theme please return any special characteristics like nature, geometric, abstract etc. 
",A rug with a geometric pattern on it.
9701 Antique Hamadan 3’4″ x 15’3″.jpeg,"
Assuming you are a store assistant please analyze the item in the picture.
 Only return the data in a json with the keys shape, dominant_colors, style, description, material, suggested_title, theme. 
 Please restrict the product description to 100 words. 
 For theme please return any special characteristics like nature, geometric, abstract etc. 
",The rug has a geometric pattern and is made of wool.
2286 – Arts And Crafts Tibetan.jpeg,"
Assuming you are a store assistant please analyze the item in the picture.
 Only return the data in a json with the keys shape, dominant_colors, style, description, material, suggested_title, theme. 
 Please restrict the product description to 100 words. 
 For theme please return any special characteristics like nature, geometric, abstract etc. 
","A large, hand made, tan and black rug with a geometric pattern."
6413 Traditional Oushak 10’2″ x 13’11”.jpeg,"
Assuming you are a store assistant please analyze the item in the picture.
 Only return the data in a json with the keys shape, dominant_colors, style, description, material, suggested_title, theme. 
 Please restrict the product description to 100 words. 
 For theme please return any special characteristics like nature, geometric, abstract etc. 
",A rug with a geometric pattern on it.
Dream 2.jpeg,"
Assuming you are a store assistant please analyze the item in the picture.
 Only return the data in a json with the keys shape, dominant_colors, style, description, material, suggested_title, theme. 
 Please restrict the product description to 100 words. 
 For theme please return any special characteristics like nature, geometric, abstract etc. 
",The rug has a geometric pattern and is gray and blue in color.
16412  3.8 X 10.8.jpeg,"
Assuming you are a store assistant please analyze the item in the picture.
 Only return the data in a json with the keys shape, dominant_colors, style, description, material, suggested_title, theme. 
 Please restrict the product description to 100 words. 
 For theme please return any special characteristics like nature, geometric, abstract etc. 
",A grey and blue rug with a diamond pattern on it.
11811 Bidjar (Bijar) Circa 1890.jpeg,"
Assuming you are a store assistant please analyze the item in the picture.
 Only return the data in a json with the keys shape, dominant_colors, style, description, material, suggested_title, theme. 
 Please restrict the product description to 100 words. 
 For theme please return any special characteristics like nature, geometric, abstract etc. 
",A rug with a diamond pattern is on display.
9701 Ariana Keshan 2’9″ x 9’9″.jpeg,"
Assuming you are a store assistant please analyze the item in the picture.
 Only return the data in a json with the keys shape, dominant_colors, style, description, material, suggested_title, theme. 
 Please restrict the product description to 100 words. 
 For theme please return any special characteristics like nature, geometric, abstract etc. 
",A blue and red rug with a geometric pattern on it.
10806 – Indo Modern.jpeg,"
Assuming you are a store assistant please analyze the item in the picture.
 Only return the data in a json with the keys shape, dominant_colors, style, description, material, suggested_title, theme. 
 Please restrict the product description to 100 words. 
 For theme please return any special characteristics like nature, geometric, abstract etc. 
",A rug with a geometric pattern in shades of gray and yellow.
10003 Traditional Antique Kirman 10′ x 14’4″.jpeg,"
Assuming you are a store assistant please analyze the item in the picture.
 Only return the data in a json with the keys shape, dominant_colors, style, description, material, suggested_title, theme. 
 Please restrict the product description to 100 words. 
 For theme please return any special characteristics like nature, geometric, abstract etc. 
","A grey paisley rug with a floral design in orange, red and yellow."
8601 – Modern Wool & Silk.jpeg,"
Assuming you are a store assistant please analyze the item in the picture.
 Only return the data in a json with the keys shape, dominant_colors, style, description, material, suggested_title, theme. 
 Please restrict the product description to 100 words. 
 For theme please return any special characteristics like nature, geometric, abstract etc. 
",The rug has a nature theme with a blue and white color scheme.
17779 VINTAGE  6.7 X 9.11.jpeg,"
Assuming you are a store assistant please analyze the item in the picture.
 Only return the data in a json with the keys shape, dominant_colors, style, description, material, suggested_title, theme. 
 Please restrict the product description to 100 words. 
 For theme please return any special characteristics like nature, geometric, abstract etc. 
",A grey and white rug with a floral design in it.
5023 – Loma Earth.jpeg,"
Assuming you are a store assistant please analyze the item in the picture.
 Only return the data in a json with the keys shape, dominant_colors, style, description, material, suggested_title, theme. 
 Please restrict the product description to 100 words. 
 For theme please return any special characteristics like nature, geometric, abstract etc. 
",A brown and white rug with leaves on it.
10046 Traditional Kazak 9′ x 12′.jpeg,"
Assuming you are a store assistant please analyze the item in the picture.
 Only return the data in a json with the keys shape, dominant_colors, style, description, material, suggested_title, theme. 
 Please restrict the product description to 100 words. 
 For theme please return any special characteristics like nature, geometric, abstract etc. 
",A blue and red rug with a geometric pattern on it.
17798 VINTAGE  7.8 X 10.7.jpeg,"
Assuming you are a store assistant please analyze the item in the picture.
 Only return the data in a json with the keys shape, dominant_colors, style, description, material, suggested_title, theme. 
 Please restrict the product description to 100 words. 
 For theme please return any special characteristics like nature, geometric, abstract etc. 
",The rug in the picture has a geometric pattern and is made of wool.
12205 CINAR SILK 12′ X 18′.jpeg,"
Assuming you are a store assistant please analyze the item in the picture.
 Only return the data in a json with the keys shape, dominant_colors, style, description, material, suggested_title, theme. 
 Please restrict the product description to 100 words. 
 For theme please return any special characteristics like nature, geometric, abstract etc. 
",A very large rug with a lot of designs on it.
16437  3.7 X 13.6.jpeg,"
Assuming you are a store assistant please analyze the item in the picture.
 Only return the data in a json with the keys shape, dominant_colors, style, description, material, suggested_title, theme. 
 Please restrict the product description to 100 words. 
 For theme please return any special characteristics like nature, geometric, abstract etc. 
",A grey and blue rug with a diamond pattern is displayed.
Blooming Cherry.jpeg,"
Assuming you are a store assistant please analyze the item in the picture.
 Only return the data in a json with the keys shape, dominant_colors, style, description, material, suggested_title, theme. 
 Please restrict the product description to 100 words. 
 For theme please return any special characteristics like nature, geometric, abstract etc. 
",A red and white rug with a geometric pattern on it.
17628 VINTAGE  7.3 X 10.7.jpeg,"
Assuming you are a store assistant please analyze the item in the picture.
 Only return the data in a json with the keys shape, dominant_colors, style, description, material, suggested_title, theme. 
 Please restrict the product description to 100 words. 
 For theme please return any special characteristics like nature, geometric, abstract etc. 
",A grey and white rug with a floral design on it.
5992 Traditional Persian Tebriz 9’10” x 13’5″.jpeg,"
Assuming you are a store assistant please analyze the item in the picture.
 Only return the data in a json with the keys shape, dominant_colors, style, description, material, suggested_title, theme. 
 Please restrict the product description to 100 words. 
 For theme please return any special characteristics like nature, geometric, abstract etc. 
",A blue and pink rug with a geometric pattern on it.
